Well ID,Name,Well,Conc/Dil,Cell.Count,Count,Mean,Std Dev,CV (%),Plate ID,Plate Number,Reading Date/Time,Virus,Global.Name
CC,Cell Control,A12,NA,3,8,2,1,68.599,P1V1,Plate 01,8/21/2026 15:57,V1_H1N2v Example 1,Cell Control
CC,Cell Control,B12,NA,3,,,,,P1V1,Plate 01,8/21/2026 15:57,V1_H1N2v Example 1,Cell Control
CC,Cell Control,C12,NA,2,,,,,P1V1,Plate 01,8/21/2026 15:57,V1_H1N2v Example 1,Cell Control
CC,Cell Control,D12,NA,0,,,,,P1V1,Plate 01,8/21/2026 15:57,V1_H1N2v Example 1,Cell Control
CC,Cell Control,E12,NA,4,,,,,P1V1,Plate 01,8/21/2026 15:57,V1_H1N2v Example 1,Cell Control
CC,Cell Control,F12,NA,0,,,,,P1V1,Plate 01,8/21/2026 15:57,V1_H1N2v Example 1,Cell Control
CC,Cell Control,G12,NA,2,,,,,P1V1,Plate 01,8/21/2026 15:57,V1_H1N2v Example 1,Cell Control
CC,Cell Control,H12,NA,3,,,,,P1V1,Plate 01,8/21/2026 15:57,V1_H1N2v Example 1,Cell Control
VC,Virus Control,A11,0,337,8,360,40,11.078,P1V1,Plate 01,8/21/2026 15:57,V1_H1N2v Example 1,Virus Control
VC,Virus Control,B11,0,437,,,,,P1V1,Plate 01,8/21/2026 15:57,V1_H1N2v Example 1,Virus Control
VC,Virus Control,C11,0,365,,,,,P1V1,Plate 01,8/21/2026 15:57,V1_H1N2v Example 1,Virus Control
VC,Virus Control,D11,0,357,,,,,P1V1,Plate 01,8/21/2026 15:57,V1_H1N2v Example 1,Virus Control
VC,Virus Control,E11,0,322,,,,,P1V1,Plate 01,8/21/2026 15:57,V1_H1N2v Example 1,Virus Control
VC,Virus Control,F11,0,393,,,,,P1V1,Plate 01,8/21/2026 15:57,V1_H1N2v Example 1,Virus Control
VC,Virus Control,G11,0,314,,,,,P1V1,Plate 01,8/21/2026 15:57,V1_H1N2v Example 1,Virus Control
VC,Virus Control,H11,0,357,,,,,P1V1,Plate 01,8/21/2026 15:57,V1_H1N2v Example 1,Virus Control
Sera1,,A1,20,3,4,3,1,45.757,P1V1,Plate 01,8/21/2026 15:57,V1_H1N2v Example 1,2018-093
Sera1,,B1,20,3,,,,,P1V1,Plate 01,8/21/2026 15:57,V1_H1N2v Example 1,2018-093
Sera1,,C1,20,4,,,,,P1V1,Plate 01,8/21/2026 15:57,V1_H1N2v Example 1,2018-093
Sera1,,D1,20,1,,,,,P1V1,Plate 01,8/21/2026 15:57,V1_H1N2v Example 1,2018-093
Sera1,,A2,40,3,4,2,2,91.287,P1V1,Plate 01,8/21/2026 15:57,V1_H1N2v Example 1,2018-093
Sera1,,B2,40,1,,,,,P1V1,Plate 01,8/21/2026 15:57,V1_H1N2v Example 1,2018-093
Sera1,,C2,40,4,,,,,P1V1,Plate 01,8/21/2026 15:57,V1_H1N2v Example 1,2018-093
Sera1,,D2,40,0,,,,,P1V1,Plate 01,8/21/2026 15:57,V1_H1N2v Example 1,2018-093
Sera1,,A3,80,3,4,7,3,48.093,P1V1,Plate 01,8/21/2026 15:57,V1_H1N2v Example 1,2018-093
Sera1,,B3,80,6,,,,,P1V1,Plate 01,8/21/2026 15:57,V1_H1N2v Example 1,2018-093
Sera1,,C3,80,11,,,,,P1V1,Plate 01,8/21/2026 15:57,V1_H1N2v Example 1,2018-093
Sera1,,D3,80,8,,,,,P1V1,Plate 01,8/21/2026 15:57,V1_H1N2v Example 1,2018-093
Sera1,,A4,160,27,4,21,5,25.003,P1V1,Plate 01,8/21/2026 15:57,V1_H1N2v Example 1,2018-093
Sera1,,B4,160,23,,,,,P1V1,Plate 01,8/21/2026 15:57,V1_H1N2v Example 1,2018-093
Sera1,,C4,160,16,,,,,P1V1,Plate 01,8/21/2026 15:57,V1_H1N2v Example 1,2018-093
Sera1,,D4,160,17,,,,,P1V1,Plate 01,8/21/2026 15:57,V1_H1N2v Example 1,2018-093
Sera1,,A5,320,46,4,37,8,21.515,P1V1,Plate 01,8/21/2026 15:57,V1_H1N2v Example 1,2018-093
Sera1,,B5,320,38,,,,,P1V1,Plate 01,8/21/2026 15:57,V1_H1N2v Example 1,2018-093
Sera1,,C5,320,35,,,,,P1V1,Plate 01,8/21/2026 15:57,V1_H1N2v Example 1,2018-093
Sera1,,D5,320,27,,,,,P1V1,Plate 01,8/21/2026 15:57,V1_H1N2v Example 1,2018-093
Sera1,,A6,640,112,4,103,8,8.065,P1V1,Plate 01,8/21/2026 15:57,V1_H1N2v Example 1,2018-093
Sera1,,B6,640,106,,,,,P1V1,Plate 01,8/21/2026 15:57,V1_H1N2v Example 1,2018-093
Sera1,,C6,640,99,,,,,P1V1,Plate 01,8/21/2026 15:57,V1_H1N2v Example 1,2018-093
Sera1,,D6,640,93,,,,,P1V1,Plate 01,8/21/2026 15:57,V1_H1N2v Example 1,2018-093
Sera1,,A7,1280,206,4,191,14,7.281,P1V1,Plate 01,8/21/2026 15:57,V1_H1N2v Example 1,2018-093
Sera1,,B7,1280,175,,,,,P1V1,Plate 01,8/21/2026 15:57,V1_H1N2v Example 1,2018-093
Sera1,,C7,1280,184,,,,,P1V1,Plate 01,8/21/2026 15:57,V1_H1N2v Example 1,2018-093
Sera1,,D7,1280,198,,,,,P1V1,Plate 01,8/21/2026 15:57,V1_H1N2v Example 1,2018-093
Sera1,,A8,2560,260,4,246,18,7.321,P1V1,Plate 01,8/21/2026 15:57,V1_H1N2v Example 1,2018-093
Sera1,,B8,2560,239,,,,,P1V1,Plate 01,8/21/2026 15:57,V1_H1N2v Example 1,2018-093
Sera1,,C8,2560,260,,,,,P1V1,Plate 01,8/21/2026 15:57,V1_H1N2v Example 1,2018-093
Sera1,,D8,2560,223,,,,,P1V1,Plate 01,8/21/2026 15:57,V1_H1N2v Example 1,2018-093
Sera1,,A9,5120,325,4,323,13,4.052,P1V1,Plate 01,8/21/2026 15:57,V1_H1N2v Example 1,2018-093
Sera1,,B9,5120,340,,,,,P1V1,Plate 01,8/21/2026 15:57,V1_H1N2v Example 1,2018-093
Sera1,,C9,5120,318,,,,,P1V1,Plate 01,8/21/2026 15:57,V1_H1N2v Example 1,2018-093
Sera1,,D9,5120,309,,,,,P1V1,Plate 01,8/21/2026 15:57,V1_H1N2v Example 1,2018-093
Sera1,,A10,10240,359,4,343,35,10.335,P1V1,Plate 01,8/21/2026 15:57,V1_H1N2v Example 1,2018-093
Sera1,,B10,10240,385,,,,,P1V1,Plate 01,8/21/2026 15:57,V1_H1N2v Example 1,2018-093
Sera1,,C10,10240,315,,,,,P1V1,Plate 01,8/21/2026 15:57,V1_H1N2v Example 1,2018-093
Sera1,,D10,10240,312,,,,,P1V1,Plate 01,8/21/2026 15:57,V1_H1N2v Example 1,2018-093
Sera2,,E1,20,3,4,4,2,45.644,P1V1,Plate 01,8/21/2026 15:57,V1_H1N2v Example 1,2018-094
Sera2,,F1,20,2,,,,,P1V1,Plate 01,8/21/2026 15:57,V1_H1N2v Example 1,2018-094
Sera2,,G1,20,6,,,,,P1V1,Plate 01,8/21/2026 15:57,V1_H1N2v Example 1,2018-094
Sera2,,H1,20,5,,,,,P1V1,Plate 01,8/21/2026 15:57,V1_H1N2v Example 1,2018-094
Sera2,,E2,40,4,4,12,6,56.13,P1V1,Plate 01,8/21/2026 15:57,V1_H1N2v Example 1,2018-094
Sera2,,F2,40,9,,,,,P1V1,Plate 01,8/21/2026 15:57,V1_H1N2v Example 1,2018-094
Sera2,,G2,40,19,,,,,P1V1,Plate 01,8/21/2026 15:57,V1_H1N2v Example 1,2018-094
Sera2,,H2,40,14,,,,,P1V1,Plate 01,8/21/2026 15:57,V1_H1N2v Example 1,2018-094
Sera2,,E3,80,34,4,33,6,19.048,P1V1,Plate 01,8/21/2026 15:57,V1_H1N2v Example 1,2018-094
Sera2,,F3,80,41,,,,,P1V1,Plate 01,8/21/2026 15:57,V1_H1N2v Example 1,2018-094
Sera2,,G3,80,27,,,,,P1V1,Plate 01,8/21/2026 15:57,V1_H1N2v Example 1,2018-094
Sera2,,H3,80,29,,,,,P1V1,Plate 01,8/21/2026 15:57,V1_H1N2v Example 1,2018-094
Sera2,,E4,160,77,4,83,15,18.059,P1V1,Plate 01,8/21/2026 15:57,V1_H1N2v Example 1,2018-094
Sera2,,F4,160,69,,,,,P1V1,Plate 01,8/21/2026 15:57,V1_H1N2v Example 1,2018-094
Sera2,,G4,160,82,,,,,P1V1,Plate 01,8/21/2026 15:57,V1_H1N2v Example 1,2018-094
Sera2,,H4,160,104,,,,,P1V1,Plate 01,8/21/2026 15:57,V1_H1N2v Example 1,2018-094
Sera2,,E5,320,160,4,183,18,9.6,P1V1,Plate 01,8/21/2026 15:57,V1_H1N2v Example 1,2018-094
Sera2,,F5,320,180,,,,,P1V1,Plate 01,8/21/2026 15:57,V1_H1N2v Example 1,2018-094
Sera2,,G5,320,201,,,,,P1V1,Plate 01,8/21/2026 15:57,V1_H1N2v Example 1,2018-094
Sera2,,H5,320,191,,,,,P1V1,Plate 01,8/21/2026 15:57,V1_H1N2v Example 1,2018-094
Sera2,,E6,640,235,4,254,24,9.46,P1V1,Plate 01,8/21/2026 15:57,V1_H1N2v Example 1,2018-094
Sera2,,F6,640,243,,,,,P1V1,Plate 01,8/21/2026 15:57,V1_H1N2v Example 1,2018-094
Sera2,,G6,640,249,,,,,P1V1,Plate 01,8/21/2026 15:57,V1_H1N2v Example 1,2018-094
Sera2,,H6,640,289,,,,,P1V1,Plate 01,8/21/2026 15:57,V1_H1N2v Example 1,2018-094
Sera2,,E7,1280,277,4,307,28,9.26,P1V1,Plate 01,8/21/2026 15:57,V1_H1N2v Example 1,2018-094
Sera2,,F7,1280,288,,,,,P1V1,Plate 01,8/21/2026 15:57,V1_H1N2v Example 1,2018-094
Sera2,,G7,1280,329,,,,,P1V1,Plate 01,8/21/2026 15:57,V1_H1N2v Example 1,2018-094
Sera2,,H7,1280,333,,,,,P1V1,Plate 01,8/21/2026 15:57,V1_H1N2v Example 1,2018-094
Sera2,,E8,2560,308,4,323,21,6.632,P1V1,Plate 01,8/21/2026 15:57,V1_H1N2v Example 1,2018-094
Sera2,,F8,2560,331,,,,,P1V1,Plate 01,8/21/2026 15:57,V1_H1N2v Example 1,2018-094
Sera2,,G8,2560,304,,,,,P1V1,Plate 01,8/21/2026 15:57,V1_H1N2v Example 1,2018-094
Sera2,,H8,2560,350,,,,,P1V1,Plate 01,8/21/2026 15:57,V1_H1N2v Example 1,2018-094
Sera2,,E9,5120,320,4,328,11,3.468,P1V1,Plate 01,8/21/2026 15:57,V1_H1N2v Example 1,2018-094
Sera2,,F9,5120,326,,,,,P1V1,Plate 01,8/21/2026 15:57,V1_H1N2v Example 1,2018-094
Sera2,,G9,5120,320,,,,,P1V1,Plate 01,8/21/2026 15:57,V1_H1N2v Example 1,2018-094
Sera2,,H9,5120,344,,,,,P1V1,Plate 01,8/21/2026 15:57,V1_H1N2v Example 1,2018-094
Sera2,,E10,10240,335,4,344,21,6.25,P1V1,Plate 01,8/21/2026 15:57,V1_H1N2v Example 1,2018-094
Sera2,,F10,10240,318,,,,,P1V1,Plate 01,8/21/2026 15:57,V1_H1N2v Example 1,2018-094
Sera2,,G10,10240,356,,,,,P1V1,Plate 01,8/21/2026 15:57,V1_H1N2v Example 1,2018-094
Sera2,,H10,10240,366,,,,,P1V1,Plate 01,8/21/2026 15:57,V1_H1N2v Example 1,2018-094
CC,Cell Control,A12,NA,6,8,3,2,69.405,P2V1,Plate 02,8/21/2026 16:35,V1_H1N2v Example 1,Cell Control
CC,Cell Control,B12,NA,3,,,,,P2V1,Plate 02,8/21/2026 16:35,V1_H1N2v Example 1,Cell Control
CC,Cell Control,C12,NA,5,,,,,P2V1,Plate 02,8/21/2026 16:35,V1_H1N2v Example 1,Cell Control
CC,Cell Control,D12,NA,1,,,,,P2V1,Plate 02,8/21/2026 16:35,V1_H1N2v Example 1,Cell Control
CC,Cell Control,E12,NA,2,,,,,P2V1,Plate 02,8/21/2026 16:35,V1_H1N2v Example 1,Cell Control
CC,Cell Control,F12,NA,1,,,,,P2V1,Plate 02,8/21/2026 16:35,V1_H1N2v Example 1,Cell Control
CC,Cell Control,G12,NA,1,,,,,P2V1,Plate 02,8/21/2026 16:35,V1_H1N2v Example 1,Cell Control
CC,Cell Control,H12,NA,3,,,,,P2V1,Plate 02,8/21/2026 16:35,V1_H1N2v Example 1,Cell Control
VC,Virus Control,A11,0,403,8,396,23,5.929,P2V1,Plate 02,8/21/2026 16:35,V1_H1N2v Example 1,Virus Control
VC,Virus Control,B11,0,374,,,,,P2V1,Plate 02,8/21/2026 16:35,V1_H1N2v Example 1,Virus Control
VC,Virus Control,C11,0,389,,,,,P2V1,Plate 02,8/21/2026 16:35,V1_H1N2v Example 1,Virus Control
VC,Virus Control,D11,0,395,,,,,P2V1,Plate 02,8/21/2026 16:35,V1_H1N2v Example 1,Virus Control
VC,Virus Control,E11,0,361,,,,,P2V1,Plate 02,8/21/2026 16:35,V1_H1N2v Example 1,Virus Control
VC,Virus Control,F11,0,395,,,,,P2V1,Plate 02,8/21/2026 16:35,V1_H1N2v Example 1,Virus Control
VC,Virus Control,G11,0,410,,,,,P2V1,Plate 02,8/21/2026 16:35,V1_H1N2v Example 1,Virus Control
VC,Virus Control,H11,0,439,,,,,P2V1,Plate 02,8/21/2026 16:35,V1_H1N2v Example 1,Virus Control
Sera1,,A1,20,6,4,4,2,55.598,P2V1,Plate 02,8/21/2026 16:35,V1_H1N2v Example 1,CDC-23-A
Sera1,,B1,20,4,,,,,P2V1,Plate 02,8/21/2026 16:35,V1_H1N2v Example 1,CDC-23-A
Sera1,,C1,20,6,,,,,P2V1,Plate 02,8/21/2026 16:35,V1_H1N2v Example 1,CDC-23-A
Sera1,,D1,20,1,,,,,P2V1,Plate 02,8/21/2026 16:35,V1_H1N2v Example 1,CDC-23-A
Sera1,,A2,40,18,4,12,6,52.175,P2V1,Plate 02,8/21/2026 16:35,V1_H1N2v Example 1,CDC-23-A
Sera1,,B2,40,15,,,,,P2V1,Plate 02,8/21/2026 16:35,V1_H1N2v Example 1,CDC-23-A
Sera1,,C2,40,4,,,,,P2V1,Plate 02,8/21/2026 16:35,V1_H1N2v Example 1,CDC-23-A
Sera1,,D2,40,10,,,,,P2V1,Plate 02,8/21/2026 16:35,V1_H1N2v Example 1,CDC-23-A
Sera1,,A3,80,25,4,27,5,18.154,P2V1,Plate 02,8/21/2026 16:35,V1_H1N2v Example 1,CDC-23-A
Sera1,,B3,80,24,,,,,P2V1,Plate 02,8/21/2026 16:35,V1_H1N2v Example 1,CDC-23-A
Sera1,,C3,80,34,,,,,P2V1,Plate 02,8/21/2026 16:35,V1_H1N2v Example 1,CDC-23-A
Sera1,,D3,80,24,,,,,P2V1,Plate 02,8/21/2026 16:35,V1_H1N2v Example 1,CDC-23-A
Sera1,,A4,160,63,4,61,5,8.54,P2V1,Plate 02,8/21/2026 16:35,V1_H1N2v Example 1,CDC-23-A
Sera1,,B4,160,67,,,,,P2V1,Plate 02,8/21/2026 16:35,V1_H1N2v Example 1,CDC-23-A
Sera1,,C4,160,56,,,,,P2V1,Plate 02,8/21/2026 16:35,V1_H1N2v Example 1,CDC-23-A
Sera1,,D4,160,57,,,,,P2V1,Plate 02,8/21/2026 16:35,V1_H1N2v Example 1,CDC-23-A
Sera1,,A5,320,110,4,120,8,7.003,P2V1,Plate 02,8/21/2026 16:35,V1_H1N2v Example 1,CDC-23-A
Sera1,,B5,320,118,,,,,P2V1,Plate 02,8/21/2026 16:35,V1_H1N2v Example 1,CDC-23-A
Sera1,,C5,320,123,,,,,P2V1,Plate 02,8/21/2026 16:35,V1_H1N2v Example 1,CDC-23-A
Sera1,,D5,320,130,,,,,P2V1,Plate 02,8/21/2026 16:35,V1_H1N2v Example 1,CDC-23-A
Sera1,,A6,640,218,4,202,15,7.316,P2V1,Plate 02,8/21/2026 16:35,V1_H1N2v Example 1,CDC-23-A
Sera1,,B6,640,200,,,,,P2V1,Plate 02,8/21/2026 16:35,V1_H1N2v Example 1,CDC-23-A
Sera1,,C6,640,208,,,,,P2V1,Plate 02,8/21/2026 16:35,V1_H1N2v Example 1,CDC-23-A
Sera1,,D6,640,183,,,,,P2V1,Plate 02,8/21/2026 16:35,V1_H1N2v Example 1,CDC-23-A
Sera1,,A7,1280,284,4,290,15,5.252,P2V1,Plate 02,8/21/2026 16:35,V1_H1N2v Example 1,CDC-23-A
Sera1,,B7,1280,309,,,,,P2V1,Plate 02,8/21/2026 16:35,V1_H1N2v Example 1,CDC-23-A
Sera1,,C7,1280,293,,,,,P2V1,Plate 02,8/21/2026 16:35,V1_H1N2v Example 1,CDC-23-A
Sera1,,D7,1280,273,,,,,P2V1,Plate 02,8/21/2026 16:35,V1_H1N2v Example 1,CDC-23-A
Sera1,,A8,2560,364,4,345,26,7.404,P2V1,Plate 02,8/21/2026 16:35,V1_H1N2v Example 1,CDC-23-A
Sera1,,B8,2560,337,,,,,P2V1,Plate 02,8/21/2026 16:35,V1_H1N2v Example 1,CDC-23-A
Sera1,,C8,2560,366,,,,,P2V1,Plate 02,8/21/2026 16:35,V1_H1N2v Example 1,CDC-23-A
Sera1,,D8,2560,312,,,,,P2V1,Plate 02,8/21/2026 16:35,V1_H1N2v Example 1,CDC-23-A
Sera1,,A9,5120,362,4,354,20,5.531,P2V1,Plate 02,8/21/2026 16:35,V1_H1N2v Example 1,CDC-23-A
Sera1,,B9,5120,368,,,,,P2V1,Plate 02,8/21/2026 16:35,V1_H1N2v Example 1,CDC-23-A
Sera1,,C9,5120,361,,,,,P2V1,Plate 02,8/21/2026 16:35,V1_H1N2v Example 1,CDC-23-A
Sera1,,D9,5120,325,,,,,P2V1,Plate 02,8/21/2026 16:35,V1_H1N2v Example 1,CDC-23-A
Sera1,,A10,10240,375,4,356,26,7.35,P2V1,Plate 02,8/21/2026 16:35,V1_H1N2v Example 1,CDC-23-A
Sera1,,B10,10240,382,,,,,P2V1,Plate 02,8/21/2026 16:35,V1_H1N2v Example 1,CDC-23-A
Sera1,,C10,10240,335,,,,,P2V1,Plate 02,8/21/2026 16:35,V1_H1N2v Example 1,CDC-23-A
Sera1,,D10,10240,332,,,,,P2V1,Plate 02,8/21/2026 16:35,V1_H1N2v Example 1,CDC-23-A
Sera2,,E1,20,16,4,15,2,11.945,P2V1,Plate 02,8/21/2026 16:35,V1_H1N2v Example 1,CDC-23-B
Sera2,,F1,20,16,,,,,P2V1,Plate 02,8/21/2026 16:35,V1_H1N2v Example 1,CDC-23-B
Sera2,,G1,20,13,,,,,P2V1,Plate 02,8/21/2026 16:35,V1_H1N2v Example 1,CDC-23-B
Sera2,,H1,20,13,,,,,P2V1,Plate 02,8/21/2026 16:35,V1_H1N2v Example 1,CDC-23-B
Sera2,,E2,40,24,4,41,14,35.064,P2V1,Plate 02,8/21/2026 16:35,V1_H1N2v Example 1,CDC-23-B
Sera2,,F2,40,35,,,,,P2V1,Plate 02,8/21/2026 16:35,V1_H1N2v Example 1,CDC-23-B
Sera2,,G2,40,57,,,,,P2V1,Plate 02,8/21/2026 16:35,V1_H1N2v Example 1,CDC-23-B
Sera2,,H2,40,46,,,,,P2V1,Plate 02,8/21/2026 16:35,V1_H1N2v Example 1,CDC-23-B
Sera2,,E3,80,103,4,116,11,9.625,P2V1,Plate 02,8/21/2026 16:35,V1_H1N2v Example 1,CDC-23-B
Sera2,,F3,80,111,,,,,P2V1,Plate 02,8/21/2026 16:35,V1_H1N2v Example 1,CDC-23-B
Sera2,,G3,80,128,,,,,P2V1,Plate 02,8/21/2026 16:35,V1_H1N2v Example 1,CDC-23-B
Sera2,,H3,80,122,,,,,P2V1,Plate 02,8/21/2026 16:35,V1_H1N2v Example 1,CDC-23-B
Sera2,,E4,160,179,4,210,29,13.738,P2V1,Plate 02,8/21/2026 16:35,V1_H1N2v Example 1,CDC-23-B
Sera2,,F4,160,201,,,,,P2V1,Plate 02,8/21/2026 16:35,V1_H1N2v Example 1,CDC-23-B
Sera2,,G4,160,210,,,,,P2V1,Plate 02,8/21/2026 16:35,V1_H1N2v Example 1,CDC-23-B
Sera2,,H4,160,248,,,,,P2V1,Plate 02,8/21/2026 16:35,V1_H1N2v Example 1,CDC-23-B
Sera2,,E5,320,261,4,278,44,15.936,P2V1,Plate 02,8/21/2026 16:35,V1_H1N2v Example 1,CDC-23-B
Sera2,,F5,320,235,,,,,P2V1,Plate 02,8/21/2026 16:35,V1_H1N2v Example 1,CDC-23-B
Sera2,,G5,320,275,,,,,P2V1,Plate 02,8/21/2026 16:35,V1_H1N2v Example 1,CDC-23-B
Sera2,,H5,320,339,,,,,P2V1,Plate 02,8/21/2026 16:35,V1_H1N2v Example 1,CDC-23-B
Sera2,,E6,640,261,4,301,39,12.932,P2V1,Plate 02,8/21/2026 16:35,V1_H1N2v Example 1,CDC-23-B
Sera2,,F6,640,277,,,,,P2V1,Plate 02,8/21/2026 16:35,V1_H1N2v Example 1,CDC-23-B
Sera2,,G6,640,322,,,,,P2V1,Plate 02,8/21/2026 16:35,V1_H1N2v Example 1,CDC-23-B
Sera2,,H6,640,345,,,,,P2V1,Plate 02,8/21/2026 16:35,V1_H1N2v Example 1,CDC-23-B
Sera2,,E7,1280,310,4,345,36,10.5,P2V1,Plate 02,8/21/2026 16:35,V1_H1N2v Example 1,CDC-23-B
Sera2,,F7,1280,339,,,,,P2V1,Plate 02,8/21/2026 16:35,V1_H1N2v Example 1,CDC-23-B
Sera2,,G7,1280,336,,,,,P2V1,Plate 02,8/21/2026 16:35,V1_H1N2v Example 1,CDC-23-B
Sera2,,H7,1280,396,,,,,P2V1,Plate 02,8/21/2026 16:35,V1_H1N2v Example 1,CDC-23-B
Sera2,,E8,2560,296,4,349,39,11.098,P2V1,Plate 02,8/21/2026 16:35,V1_H1N2v Example 1,CDC-23-B
Sera2,,F8,2560,345,,,,,P2V1,Plate 02,8/21/2026 16:35,V1_H1N2v Example 1,CDC-23-B
Sera2,,G8,2560,378,,,,,P2V1,Plate 02,8/21/2026 16:35,V1_H1N2v Example 1,CDC-23-B
Sera2,,H8,2560,378,,,,,P2V1,Plate 02,8/21/2026 16:35,V1_H1N2v Example 1,CDC-23-B
Sera2,,E9,5120,425,4,395,32,7.988,P2V1,Plate 02,8/21/2026 16:35,V1_H1N2v Example 1,CDC-23-B
Sera2,,F9,5120,351,,,,,P2V1,Plate 02,8/21/2026 16:35,V1_H1N2v Example 1,CDC-23-B
Sera2,,G9,5120,395,,,,,P2V1,Plate 02,8/21/2026 16:35,V1_H1N2v Example 1,CDC-23-B
Sera2,,H9,5120,407,,,,,P2V1,Plate 02,8/21/2026 16:35,V1_H1N2v Example 1,CDC-23-B
Sera2,,E10,10240,342,4,384,36,9.365,P2V1,Plate 02,8/21/2026 16:35,V1_H1N2v Example 1,CDC-23-B
Sera2,,F10,10240,382,,,,,P2V1,Plate 02,8/21/2026 16:35,V1_H1N2v Example 1,CDC-23-B
Sera2,,G10,10240,383,,,,,P2V1,Plate 02,8/21/2026 16:35,V1_H1N2v Example 1,CDC-23-B
Sera2,,H10,10240,430,,,,,P2V1,Plate 02,8/21/2026 16:35,V1_H1N2v Example 1,CDC-23-B
CC,Cell Control,A12,NA,1,8,2,1,56.966,P3V1,Plate 03,8/21/2026 16:38,V1_H1N2v Example 1,Cell Control
CC,Cell Control,B12,NA,3,,,,,P3V1,Plate 03,8/21/2026 16:38,V1_H1N2v Example 1,Cell Control
CC,Cell Control,C12,NA,2,,,,,P3V1,Plate 03,8/21/2026 16:38,V1_H1N2v Example 1,Cell Control
CC,Cell Control,D12,NA,4,,,,,P3V1,Plate 03,8/21/2026 16:38,V1_H1N2v Example 1,Cell Control
CC,Cell Control,E12,NA,1,,,,,P3V1,Plate 03,8/21/2026 16:38,V1_H1N2v Example 1,Cell Control
CC,Cell Control,F12,NA,1,,,,,P3V1,Plate 03,8/21/2026 16:38,V1_H1N2v Example 1,Cell Control
CC,Cell Control,G12,NA,2,,,,,P3V1,Plate 03,8/21/2026 16:38,V1_H1N2v Example 1,Cell Control
CC,Cell Control,H12,NA,4,,,,,P3V1,Plate 03,8/21/2026 16:38,V1_H1N2v Example 1,Cell Control
VC,Virus Control,A11,0,378,8,382,38,9.851,P3V1,Plate 03,8/21/2026 16:38,V1_H1N2v Example 1,Virus Control
VC,Virus Control,B11,0,375,,,,,P3V1,Plate 03,8/21/2026 16:38,V1_H1N2v Example 1,Virus Control
VC,Virus Control,C11,0,367,,,,,P3V1,Plate 03,8/21/2026 16:38,V1_H1N2v Example 1,Virus Control
VC,Virus Control,D11,0,320,,,,,P3V1,Plate 03,8/21/2026 16:38,V1_H1N2v Example 1,Virus Control
VC,Virus Control,E11,0,357,,,,,P3V1,Plate 03,8/21/2026 16:38,V1_H1N2v Example 1,Virus Control
VC,Virus Control,F11,0,403,,,,,P3V1,Plate 03,8/21/2026 16:38,V1_H1N2v Example 1,Virus Control
VC,Virus Control,G11,0,419,,,,,P3V1,Plate 03,8/21/2026 16:38,V1_H1N2v Example 1,Virus Control
VC,Virus Control,H11,0,440,,,,,P3V1,Plate 03,8/21/2026 16:38,V1_H1N2v Example 1,Virus Control
Sera1,,A1,20,24,4,18,5,31.124,P3V1,Plate 03,8/21/2026 16:38,V1_H1N2v Example 1,2025-085
Sera1,,B1,20,19,,,,,P3V1,Plate 03,8/21/2026 16:38,V1_H1N2v Example 1,2025-085
Sera1,,C1,20,16,,,,,P3V1,Plate 03,8/21/2026 16:38,V1_H1N2v Example 1,2025-085
Sera1,,D1,20,11,,,,,P3V1,Plate 03,8/21/2026 16:38,V1_H1N2v Example 1,2025-085
Sera1,,A2,40,32,4,37,8,20.583,P3V1,Plate 03,8/21/2026 16:38,V1_H1N2v Example 1,2025-085
Sera1,,B2,40,43,,,,,P3V1,Plate 03,8/21/2026 16:38,V1_H1N2v Example 1,2025-085
Sera1,,C2,40,44,,,,,P3V1,Plate 03,8/21/2026 16:38,V1_H1N2v Example 1,2025-085
Sera1,,D2,40,29,,,,,P3V1,Plate 03,8/21/2026 16:38,V1_H1N2v Example 1,2025-085
Sera1,,A3,80,71,4,73,2,3.027,P3V1,Plate 03,8/21/2026 16:38,V1_H1N2v Example 1,2025-085
Sera1,,B3,80,74,,,,,P3V1,Plate 03,8/21/2026 16:38,V1_H1N2v Example 1,2025-085
Sera1,,C3,80,72,,,,,P3V1,Plate 03,8/21/2026 16:38,V1_H1N2v Example 1,2025-085
Sera1,,D3,80,76,,,,,P3V1,Plate 03,8/21/2026 16:38,V1_H1N2v Example 1,2025-085
Sera1,,A4,160,156,4,150,5,3.092,P3V1,Plate 03,8/21/2026 16:38,V1_H1N2v Example 1,2025-085
Sera1,,B4,160,152,,,,,P3V1,Plate 03,8/21/2026 16:38,V1_H1N2v Example 1,2025-085
Sera1,,C4,160,147,,,,,P3V1,Plate 03,8/21/2026 16:38,V1_H1N2v Example 1,2025-085
Sera1,,D4,160,146,,,,,P3V1,Plate 03,8/21/2026 16:38,V1_H1N2v Example 1,2025-085
Sera1,,A5,320,259,4,244,22,8.978,P3V1,Plate 03,8/21/2026 16:38,V1_H1N2v Example 1,2025-085
Sera1,,B5,320,263,,,,,P3V1,Plate 03,8/21/2026 16:38,V1_H1N2v Example 1,2025-085
Sera1,,C5,320,215,,,,,P3V1,Plate 03,8/21/2026 16:38,V1_H1N2v Example 1,2025-085
Sera1,,D5,320,240,,,,,P3V1,Plate 03,8/21/2026 16:38,V1_H1N2v Example 1,2025-085
Sera1,,A6,640,293,4,281,29,10.294,P3V1,Plate 03,8/21/2026 16:38,V1_H1N2v Example 1,2025-085
Sera1,,B6,640,307,,,,,P3V1,Plate 03,8/21/2026 16:38,V1_H1N2v Example 1,2025-085
Sera1,,C6,640,240,,,,,P3V1,Plate 03,8/21/2026 16:38,V1_H1N2v Example 1,2025-085
Sera1,,D6,640,284,,,,,P3V1,Plate 03,8/21/2026 16:38,V1_H1N2v Example 1,2025-085
Sera1,,A7,1280,281,4,278,18,6.505,P3V1,Plate 03,8/21/2026 16:38,V1_H1N2v Example 1,2025-085
Sera1,,B7,1280,283,,,,,P3V1,Plate 03,8/21/2026 16:38,V1_H1N2v Example 1,2025-085
Sera1,,C7,1280,253,,,,,P3V1,Plate 03,8/21/2026 16:38,V1_H1N2v Example 1,2025-085
Sera1,,D7,1280,296,,,,,P3V1,Plate 03,8/21/2026 16:38,V1_H1N2v Example 1,2025-085
Sera1,,A8,2560,317,4,304,26,8.686,P3V1,Plate 03,8/21/2026 16:38,V1_H1N2v Example 1,2025-085
Sera1,,B8,2560,283,,,,,P3V1,Plate 03,8/21/2026 16:38,V1_H1N2v Example 1,2025-085
Sera1,,C8,2560,280,,,,,P3V1,Plate 03,8/21/2026 16:38,V1_H1N2v Example 1,2025-085
Sera1,,D8,2560,334,,,,,P3V1,Plate 03,8/21/2026 16:38,V1_H1N2v Example 1,2025-085
Sera1,,A9,5120,359,4,319,30,9.55,P3V1,Plate 03,8/21/2026 16:38,V1_H1N2v Example 1,2025-085
Sera1,,B9,5120,323,,,,,P3V1,Plate 03,8/21/2026 16:38,V1_H1N2v Example 1,2025-085
Sera1,,C9,5120,307,,,,,P3V1,Plate 03,8/21/2026 16:38,V1_H1N2v Example 1,2025-085
Sera1,,D9,5120,287,,,,,P3V1,Plate 03,8/21/2026 16:38,V1_H1N2v Example 1,2025-085
Sera1,,A10,10240,350,4,341,13,3.87,P3V1,Plate 03,8/21/2026 16:38,V1_H1N2v Example 1,2025-085
Sera1,,B10,10240,346,,,,,P3V1,Plate 03,8/21/2026 16:38,V1_H1N2v Example 1,2025-085
Sera1,,C10,10240,345,,,,,P3V1,Plate 03,8/21/2026 16:38,V1_H1N2v Example 1,2025-085
Sera1,,D10,10240,321,,,,,P3V1,Plate 03,8/21/2026 16:38,V1_H1N2v Example 1,2025-085
Sera2,,E1,20,10,4,13,5,38.088,P3V1,Plate 03,8/21/2026 16:38,V1_H1N2v Example 1,2025-086
Sera2,,F1,20,8,,,,,P3V1,Plate 03,8/21/2026 16:38,V1_H1N2v Example 1,2025-086
Sera2,,G1,20,14,,,,,P3V1,Plate 03,8/21/2026 16:38,V1_H1N2v Example 1,2025-086
Sera2,,H1,20,19,,,,,P3V1,Plate 03,8/21/2026 16:38,V1_H1N2v Example 1,2025-086
Sera2,,E2,40,40,4,41,5,11.612,P3V1,Plate 03,8/21/2026 16:38,V1_H1N2v Example 1,2025-086
Sera2,,F2,40,38,,,,,P3V1,Plate 03,8/21/2026 16:38,V1_H1N2v Example 1,2025-086
Sera2,,G2,40,38,,,,,P3V1,Plate 03,8/21/2026 16:38,V1_H1N2v Example 1,2025-086
Sera2,,H2,40,48,,,,,P3V1,Plate 03,8/21/2026 16:38,V1_H1N2v Example 1,2025-086
Sera2,,E3,80,92,4,129,43,33.426,P3V1,Plate 03,8/21/2026 16:38,V1_H1N2v Example 1,2025-086
Sera2,,F3,80,127,,,,,P3V1,Plate 03,8/21/2026 16:38,V1_H1N2v Example 1,2025-086
Sera2,,G3,80,107,,,,,P3V1,Plate 03,8/21/2026 16:38,V1_H1N2v Example 1,2025-086
Sera2,,H3,80,190,,,,,P3V1,Plate 03,8/21/2026 16:38,V1_H1N2v Example 1,2025-086
Sera2,,E4,160,193,4,227,45,20.03,P3V1,Plate 03,8/21/2026 16:38,V1_H1N2v Example 1,2025-086
Sera2,,F4,160,208,,,,,P3V1,Plate 03,8/21/2026 16:38,V1_H1N2v Example 1,2025-086
Sera2,,G4,160,213,,,,,P3V1,Plate 03,8/21/2026 16:38,V1_H1N2v Example 1,2025-086
Sera2,,H4,160,294,,,,,P3V1,Plate 03,8/21/2026 16:38,V1_H1N2v Example 1,2025-086
Sera2,,E5,320,249,4,303,57,18.744,P3V1,Plate 03,8/21/2026 16:38,V1_H1N2v Example 1,2025-086
Sera2,,F5,320,271,,,,,P3V1,Plate 03,8/21/2026 16:38,V1_H1N2v Example 1,2025-086
Sera2,,G5,320,312,,,,,P3V1,Plate 03,8/21/2026 16:38,V1_H1N2v Example 1,2025-086
Sera2,,H5,320,378,,,,,P3V1,Plate 03,8/21/2026 16:38,V1_H1N2v Example 1,2025-086
Sera2,,E6,640,282,4,335,45,13.532,P3V1,Plate 03,8/21/2026 16:38,V1_H1N2v Example 1,2025-086
Sera2,,F6,640,326,,,,,P3V1,Plate 03,8/21/2026 16:38,V1_H1N2v Example 1,2025-086
Sera2,,G6,640,338,,,,,P3V1,Plate 03,8/21/2026 16:38,V1_H1N2v Example 1,2025-086
Sera2,,H6,640,392,,,,,P3V1,Plate 03,8/21/2026 16:38,V1_H1N2v Example 1,2025-086
Sera2,,E7,1280,308,4,358,49,13.793,P3V1,Plate 03,8/21/2026 16:38,V1_H1N2v Example 1,2025-086
Sera2,,F7,1280,348,,,,,P3V1,Plate 03,8/21/2026 16:38,V1_H1N2v Example 1,2025-086
Sera2,,G7,1280,349,,,,,P3V1,Plate 03,8/21/2026 16:38,V1_H1N2v Example 1,2025-086
Sera2,,H7,1280,426,,,,,P3V1,Plate 03,8/21/2026 16:38,V1_H1N2v Example 1,2025-086
Sera2,,E8,2560,340,4,364,41,11.195,P3V1,Plate 03,8/21/2026 16:38,V1_H1N2v Example 1,2025-086
Sera2,,F8,2560,330,,,,,P3V1,Plate 03,8/21/2026 16:38,V1_H1N2v Example 1,2025-086
Sera2,,G8,2560,365,,,,,P3V1,Plate 03,8/21/2026 16:38,V1_H1N2v Example 1,2025-086
Sera2,,H8,2560,421,,,,,P3V1,Plate 03,8/21/2026 16:38,V1_H1N2v Example 1,2025-086
Sera2,,E9,5120,294,4,374,57,15.356,P3V1,Plate 03,8/21/2026 16:38,V1_H1N2v Example 1,2025-086
Sera2,,F9,5120,381,,,,,P3V1,Plate 03,8/21/2026 16:38,V1_H1N2v Example 1,2025-086
Sera2,,G9,5120,392,,,,,P3V1,Plate 03,8/21/2026 16:38,V1_H1N2v Example 1,2025-086
Sera2,,H9,5120,430,,,,,P3V1,Plate 03,8/21/2026 16:38,V1_H1N2v Example 1,2025-086
Sera2,,E10,10240,369,4,395,28,7.069,P3V1,Plate 03,8/21/2026 16:38,V1_H1N2v Example 1,2025-086
Sera2,,F10,10240,372,,,,,P3V1,Plate 03,8/21/2026 16:38,V1_H1N2v Example 1,2025-086
Sera2,,G10,10240,422,,,,,P3V1,Plate 03,8/21/2026 16:38,V1_H1N2v Example 1,2025-086
Sera2,,H10,10240,415,,,,,P3V1,Plate 03,8/21/2026 16:38,V1_H1N2v Example 1,2025-086
CC,Cell Control,A12,NA,2,8,3,2,64.143,P1V2,Plate 04,8/21/2026 16:01,V2_H1N2v  Example 2,Cell Control
CC,Cell Control,B12,NA,6,,,,,P1V2,Plate 04,8/21/2026 16:01,V2_H1N2v  Example 2,Cell Control
CC,Cell Control,C12,NA,3,,,,,P1V2,Plate 04,8/21/2026 16:01,V2_H1N2v  Example 2,Cell Control
CC,Cell Control,D12,NA,1,,,,,P1V2,Plate 04,8/21/2026 16:01,V2_H1N2v  Example 2,Cell Control
CC,Cell Control,E12,NA,2,,,,,P1V2,Plate 04,8/21/2026 16:01,V2_H1N2v  Example 2,Cell Control
CC,Cell Control,F12,NA,3,,,,,P1V2,Plate 04,8/21/2026 16:01,V2_H1N2v  Example 2,Cell Control
CC,Cell Control,G12,NA,1,,,,,P1V2,Plate 04,8/21/2026 16:01,V2_H1N2v  Example 2,Cell Control
CC,Cell Control,H12,NA,2,,,,,P1V2,Plate 04,8/21/2026 16:01,V2_H1N2v  Example 2,Cell Control
VC,Virus Control,A11,0,546,8,500,168,33.57,P1V2,Plate 04,8/21/2026 16:01,V2_H1N2v  Example 2,Virus Control
VC,Virus Control,B11,0,310,,,,,P1V2,Plate 04,8/21/2026 16:01,V2_H1N2v  Example 2,Virus Control
VC,Virus Control,C11,0,356,,,,,P1V2,Plate 04,8/21/2026 16:01,V2_H1N2v  Example 2,Virus Control
VC,Virus Control,D11,0,349,,,,,P1V2,Plate 04,8/21/2026 16:01,V2_H1N2v  Example 2,Virus Control
VC,Virus Control,E11,0,459,,,,,P1V2,Plate 04,8/21/2026 16:01,V2_H1N2v  Example 2,Virus Control
VC,Virus Control,F11,0,524,,,,,P1V2,Plate 04,8/21/2026 16:01,V2_H1N2v  Example 2,Virus Control
VC,Virus Control,G11,0,653,,,,,P1V2,Plate 04,8/21/2026 16:01,V2_H1N2v  Example 2,Virus Control
VC,Virus Control,H11,0,799,,,,,P1V2,Plate 04,8/21/2026 16:01,V2_H1N2v  Example 2,Virus Control
Sera1,,A1,20,12,4,7,4,50.843,P1V2,Plate 04,8/21/2026 16:01,V2_H1N2v  Example 2,2018-093
Sera1,,B1,20,7,,,,,P1V2,Plate 04,8/21/2026 16:01,V2_H1N2v  Example 2,2018-093
Sera1,,C1,20,5,,,,,P1V2,Plate 04,8/21/2026 16:01,V2_H1N2v  Example 2,2018-093
Sera1,,D1,20,4,,,,,P1V2,Plate 04,8/21/2026 16:01,V2_H1N2v  Example 2,2018-093
Sera1,,A2,40,4,4,4,2,63.011,P1V2,Plate 04,8/21/2026 16:01,V2_H1N2v  Example 2,2018-093
Sera1,,B2,40,7,,,,,P1V2,Plate 04,8/21/2026 16:01,V2_H1N2v  Example 2,2018-093
Sera1,,C2,40,2,,,,,P1V2,Plate 04,8/21/2026 16:01,V2_H1N2v  Example 2,2018-093
Sera1,,D2,40,2,,,,,P1V2,Plate 04,8/21/2026 16:01,V2_H1N2v  Example 2,2018-093
Sera1,,A3,80,11,4,10,4,38.914,P1V2,Plate 04,8/21/2026 16:01,V2_H1N2v  Example 2,2018-093
Sera1,,B3,80,4,,,,,P1V2,Plate 04,8/21/2026 16:01,V2_H1N2v  Example 2,2018-093
Sera1,,C3,80,11,,,,,P1V2,Plate 04,8/21/2026 16:01,V2_H1N2v  Example 2,2018-093
Sera1,,D3,80,12,,,,,P1V2,Plate 04,8/21/2026 16:01,V2_H1N2v  Example 2,2018-093
Sera1,,A4,160,24,4,25,7,29.526,P1V2,Plate 04,8/21/2026 16:01,V2_H1N2v  Example 2,2018-093
Sera1,,B4,160,34,,,,,P1V2,Plate 04,8/21/2026 16:01,V2_H1N2v  Example 2,2018-093
Sera1,,C4,160,27,,,,,P1V2,Plate 04,8/21/2026 16:01,V2_H1N2v  Example 2,2018-093
Sera1,,D4,160,16,,,,,P1V2,Plate 04,8/21/2026 16:01,V2_H1N2v  Example 2,2018-093
Sera1,,A5,320,62,4,51,12,23.391,P1V2,Plate 04,8/21/2026 16:01,V2_H1N2v  Example 2,2018-093
Sera1,,B5,320,60,,,,,P1V2,Plate 04,8/21/2026 16:01,V2_H1N2v  Example 2,2018-093
Sera1,,C5,320,41,,,,,P1V2,Plate 04,8/21/2026 16:01,V2_H1N2v  Example 2,2018-093
Sera1,,D5,320,40,,,,,P1V2,Plate 04,8/21/2026 16:01,V2_H1N2v  Example 2,2018-093
Sera1,,A6,640,129,4,91,27,29.628,P1V2,Plate 04,8/21/2026 16:01,V2_H1N2v  Example 2,2018-093
Sera1,,B6,640,85,,,,,P1V2,Plate 04,8/21/2026 16:01,V2_H1N2v  Example 2,2018-093
Sera1,,C6,640,83,,,,,P1V2,Plate 04,8/21/2026 16:01,V2_H1N2v  Example 2,2018-093
Sera1,,D6,640,66,,,,,P1V2,Plate 04,8/21/2026 16:01,V2_H1N2v  Example 2,2018-093
Sera1,,A7,1280,245,4,191,46,24.065,P1V2,Plate 04,8/21/2026 16:01,V2_H1N2v  Example 2,2018-093
Sera1,,B7,1280,213,,,,,P1V2,Plate 04,8/21/2026 16:01,V2_H1N2v  Example 2,2018-093
Sera1,,C7,1280,158,,,,,P1V2,Plate 04,8/21/2026 16:01,V2_H1N2v  Example 2,2018-093
Sera1,,D7,1280,148,,,,,P1V2,Plate 04,8/21/2026 16:01,V2_H1N2v  Example 2,2018-093
Sera1,,A8,2560,379,4,293,61,20.737,P1V2,Plate 04,8/21/2026 16:01,V2_H1N2v  Example 2,2018-093
Sera1,,B8,2560,258,,,,,P1V2,Plate 04,8/21/2026 16:01,V2_H1N2v  Example 2,2018-093
Sera1,,C8,2560,289,,,,,P1V2,Plate 04,8/21/2026 16:01,V2_H1N2v  Example 2,2018-093
Sera1,,D8,2560,244,,,,,P1V2,Plate 04,8/21/2026 16:01,V2_H1N2v  Example 2,2018-093
Sera1,,A9,5120,398,4,300,72,24.036,P1V2,Plate 04,8/21/2026 16:01,V2_H1N2v  Example 2,2018-093
Sera1,,B9,5120,293,,,,,P1V2,Plate 04,8/21/2026 16:01,V2_H1N2v  Example 2,2018-093
Sera1,,C9,5120,286,,,,,P1V2,Plate 04,8/21/2026 16:01,V2_H1N2v  Example 2,2018-093
Sera1,,D9,5120,224,,,,,P1V2,Plate 04,8/21/2026 16:01,V2_H1N2v  Example 2,2018-093
Sera1,,A10,10240,537,4,358,122,34.013,P1V2,Plate 04,8/21/2026 16:01,V2_H1N2v  Example 2,2018-093
Sera1,,B10,10240,302,,,,,P1V2,Plate 04,8/21/2026 16:01,V2_H1N2v  Example 2,2018-093
Sera1,,C10,10240,326,,,,,P1V2,Plate 04,8/21/2026 16:01,V2_H1N2v  Example 2,2018-093
Sera1,,D10,10240,267,,,,,P1V2,Plate 04,8/21/2026 16:01,V2_H1N2v  Example 2,2018-093
Sera2,,E1,20,7,4,4,3,75.593,P1V2,Plate 04,8/21/2026 16:01,V2_H1N2v  Example 2,2018-094
Sera2,,F1,20,2,,,,,P1V2,Plate 04,8/21/2026 16:01,V2_H1N2v  Example 2,2018-094
Sera2,,G1,20,4,,,,,P1V2,Plate 04,8/21/2026 16:01,V2_H1N2v  Example 2,2018-094
Sera2,,H1,20,1,,,,,P1V2,Plate 04,8/21/2026 16:01,V2_H1N2v  Example 2,2018-094
Sera2,,E2,40,9,4,10,3,27.08,P1V2,Plate 04,8/21/2026 16:01,V2_H1N2v  Example 2,2018-094
Sera2,,F2,40,8,,,,,P1V2,Plate 04,8/21/2026 16:01,V2_H1N2v  Example 2,2018-094
Sera2,,G2,40,14,,,,,P1V2,Plate 04,8/21/2026 16:01,V2_H1N2v  Example 2,2018-094
Sera2,,H2,40,9,,,,,P1V2,Plate 04,8/21/2026 16:01,V2_H1N2v  Example 2,2018-094
Sera2,,E3,80,33,4,32,6,18.222,P1V2,Plate 04,8/21/2026 16:01,V2_H1N2v  Example 2,2018-094
Sera2,,F3,80,24,,,,,P1V2,Plate 04,8/21/2026 16:01,V2_H1N2v  Example 2,2018-094
Sera2,,G3,80,33,,,,,P1V2,Plate 04,8/21/2026 16:01,V2_H1N2v  Example 2,2018-094
Sera2,,H3,80,38,,,,,P1V2,Plate 04,8/21/2026 16:01,V2_H1N2v  Example 2,2018-094
Sera2,,E4,160,51,4,70,29,41.524,P1V2,Plate 04,8/21/2026 16:01,V2_H1N2v  Example 2,2018-094
Sera2,,F4,160,46,,,,,P1V2,Plate 04,8/21/2026 16:01,V2_H1N2v  Example 2,2018-094
Sera2,,G4,160,74,,,,,P1V2,Plate 04,8/21/2026 16:01,V2_H1N2v  Example 2,2018-094
Sera2,,H4,160,110,,,,,P1V2,Plate 04,8/21/2026 16:01,V2_H1N2v  Example 2,2018-094
Sera2,,E5,320,119,4,152,56,36.713,P1V2,Plate 04,8/21/2026 16:01,V2_H1N2v  Example 2,2018-094
Sera2,,F5,320,103,,,,,P1V2,Plate 04,8/21/2026 16:01,V2_H1N2v  Example 2,2018-094
Sera2,,G5,320,156,,,,,P1V2,Plate 04,8/21/2026 16:01,V2_H1N2v  Example 2,2018-094
Sera2,,H5,320,228,,,,,P1V2,Plate 04,8/21/2026 16:01,V2_H1N2v  Example 2,2018-094
Sera2,,E6,640,194,4,290,90,31.027,P1V2,Plate 04,8/21/2026 16:01,V2_H1N2v  Example 2,2018-094
Sera2,,F6,640,233,,,,,P1V2,Plate 04,8/21/2026 16:01,V2_H1N2v  Example 2,2018-094
Sera2,,G6,640,365,,,,,P1V2,Plate 04,8/21/2026 16:01,V2_H1N2v  Example 2,2018-094
Sera2,,H6,640,369,,,,,P1V2,Plate 04,8/21/2026 16:01,V2_H1N2v  Example 2,2018-094
Sera2,,E7,1280,270,4,459,166,36.204,P1V2,Plate 04,8/21/2026 16:01,V2_H1N2v  Example 2,2018-094
Sera2,,F7,1280,371,,,,,P1V2,Plate 04,8/21/2026 16:01,V2_H1N2v  Example 2,2018-094
Sera2,,G7,1280,575,,,,,P1V2,Plate 04,8/21/2026 16:01,V2_H1N2v  Example 2,2018-094
Sera2,,H7,1280,620,,,,,P1V2,Plate 04,8/21/2026 16:01,V2_H1N2v  Example 2,2018-094
Sera2,,E8,2560,307,4,472,212,44.799,P1V2,Plate 04,8/21/2026 16:01,V2_H1N2v  Example 2,2018-094
Sera2,,F8,2560,281,,,,,P1V2,Plate 04,8/21/2026 16:01,V2_H1N2v  Example 2,2018-094
Sera2,,G8,2560,592,,,,,P1V2,Plate 04,8/21/2026 16:01,V2_H1N2v  Example 2,2018-094
Sera2,,H8,2560,709,,,,,P1V2,Plate 04,8/21/2026 16:01,V2_H1N2v  Example 2,2018-094
Sera2,,E9,5120,292,4,436,159,36.549,P1V2,Plate 04,8/21/2026 16:01,V2_H1N2v  Example 2,2018-094
Sera2,,F9,5120,307,,,,,P1V2,Plate 04,8/21/2026 16:01,V2_H1N2v  Example 2,2018-094
Sera2,,G9,5120,547,,,,,P1V2,Plate 04,8/21/2026 16:01,V2_H1N2v  Example 2,2018-094
Sera2,,H9,5120,599,,,,,P1V2,Plate 04,8/21/2026 16:01,V2_H1N2v  Example 2,2018-094
Sera2,,E10,10240,270,4,459,183,39.848,P1V2,Plate 04,8/21/2026 16:01,V2_H1N2v  Example 2,2018-094
Sera2,,F10,10240,335,,,,,P1V2,Plate 04,8/21/2026 16:01,V2_H1N2v  Example 2,2018-094
Sera2,,G10,10240,596,,,,,P1V2,Plate 04,8/21/2026 16:01,V2_H1N2v  Example 2,2018-094
Sera2,,H10,10240,633,,,,,P1V2,Plate 04,8/21/2026 16:01,V2_H1N2v  Example 2,2018-094
CC,Cell Control,A12,NA,1,8,2,1,59.761,P2V2,Plate 05,8/21/2026 16:41,V2_H1N2v  Example 2,Cell Control
CC,Cell Control,B12,NA,4,,,,,P2V2,Plate 05,8/21/2026 16:41,V2_H1N2v  Example 2,Cell Control
CC,Cell Control,C12,NA,2,,,,,P2V2,Plate 05,8/21/2026 16:41,V2_H1N2v  Example 2,Cell Control
CC,Cell Control,D12,NA,1,,,,,P2V2,Plate 05,8/21/2026 16:41,V2_H1N2v  Example 2,Cell Control
CC,Cell Control,E12,NA,3,,,,,P2V2,Plate 05,8/21/2026 16:41,V2_H1N2v  Example 2,Cell Control
CC,Cell Control,F12,NA,1,,,,,P2V2,Plate 05,8/21/2026 16:41,V2_H1N2v  Example 2,Cell Control
CC,Cell Control,G12,NA,1,,,,,P2V2,Plate 05,8/21/2026 16:41,V2_H1N2v  Example 2,Cell Control
CC,Cell Control,H12,NA,3,,,,,P2V2,Plate 05,8/21/2026 16:41,V2_H1N2v  Example 2,Cell Control
VC,Virus Control,A11,0,590,8,537,106,19.836,P2V2,Plate 05,8/21/2026 16:41,V2_H1N2v  Example 2,Virus Control
VC,Virus Control,B11,0,403,,,,,P2V2,Plate 05,8/21/2026 16:41,V2_H1N2v  Example 2,Virus Control
VC,Virus Control,C11,0,463,,,,,P2V2,Plate 05,8/21/2026 16:41,V2_H1N2v  Example 2,Virus Control
VC,Virus Control,D11,0,490,,,,,P2V2,Plate 05,8/21/2026 16:41,V2_H1N2v  Example 2,Virus Control
VC,Virus Control,E11,0,448,,,,,P2V2,Plate 05,8/21/2026 16:41,V2_H1N2v  Example 2,Virus Control
VC,Virus Control,F11,0,546,,,,,P2V2,Plate 05,8/21/2026 16:41,V2_H1N2v  Example 2,Virus Control
VC,Virus Control,G11,0,634,,,,,P2V2,Plate 05,8/21/2026 16:41,V2_H1N2v  Example 2,Virus Control
VC,Virus Control,H11,0,720,,,,,P2V2,Plate 05,8/21/2026 16:41,V2_H1N2v  Example 2,Virus Control
Sera1,,A1,20,7,4,6,2,36.004,P2V2,Plate 05,8/21/2026 16:41,V2_H1N2v  Example 2,CDC-23-A
Sera1,,B1,20,6,,,,,P2V2,Plate 05,8/21/2026 16:41,V2_H1N2v  Example 2,CDC-23-A
Sera1,,C1,20,8,,,,,P2V2,Plate 05,8/21/2026 16:41,V2_H1N2v  Example 2,CDC-23-A
Sera1,,D1,20,3,,,,,P2V2,Plate 05,8/21/2026 16:41,V2_H1N2v  Example 2,CDC-23-A
Sera1,,A2,40,9,4,5,3,60.469,P2V2,Plate 05,8/21/2026 16:41,V2_H1N2v  Example 2,CDC-23-A
Sera1,,B2,40,3,,,,,P2V2,Plate 05,8/21/2026 16:41,V2_H1N2v  Example 2,CDC-23-A
Sera1,,C2,40,4,,,,,P2V2,Plate 05,8/21/2026 16:41,V2_H1N2v  Example 2,CDC-23-A
Sera1,,D2,40,3,,,,,P2V2,Plate 05,8/21/2026 16:41,V2_H1N2v  Example 2,CDC-23-A
Sera1,,A3,80,5,4,4,2,50.479,P2V2,Plate 05,8/21/2026 16:41,V2_H1N2v  Example 2,CDC-23-A
Sera1,,B3,80,5,,,,,P2V2,Plate 05,8/21/2026 16:41,V2_H1N2v  Example 2,CDC-23-A
Sera1,,C3,80,4,,,,,P2V2,Plate 05,8/21/2026 16:41,V2_H1N2v  Example 2,CDC-23-A
Sera1,,D3,80,1,,,,,P2V2,Plate 05,8/21/2026 16:41,V2_H1N2v  Example 2,CDC-23-A
Sera1,,A4,160,10,4,8,1,15.252,P2V2,Plate 05,8/21/2026 16:41,V2_H1N2v  Example 2,CDC-23-A
Sera1,,B4,160,8,,,,,P2V2,Plate 05,8/21/2026 16:41,V2_H1N2v  Example 2,CDC-23-A
Sera1,,C4,160,8,,,,,P2V2,Plate 05,8/21/2026 16:41,V2_H1N2v  Example 2,CDC-23-A
Sera1,,D4,160,7,,,,,P2V2,Plate 05,8/21/2026 16:41,V2_H1N2v  Example 2,CDC-23-A
Sera1,,A5,320,26,4,19,7,37.789,P2V2,Plate 05,8/21/2026 16:41,V2_H1N2v  Example 2,CDC-23-A
Sera1,,B5,320,12,,,,,P2V2,Plate 05,8/21/2026 16:41,V2_H1N2v  Example 2,CDC-23-A
Sera1,,C5,320,25,,,,,P2V2,Plate 05,8/21/2026 16:41,V2_H1N2v  Example 2,CDC-23-A
Sera1,,D5,320,14,,,,,P2V2,Plate 05,8/21/2026 16:41,V2_H1N2v  Example 2,CDC-23-A
Sera1,,A6,640,44,4,36,5,15.215,P2V2,Plate 05,8/21/2026 16:41,V2_H1N2v  Example 2,CDC-23-A
Sera1,,B6,640,33,,,,,P2V2,Plate 05,8/21/2026 16:41,V2_H1N2v  Example 2,CDC-23-A
Sera1,,C6,640,32,,,,,P2V2,Plate 05,8/21/2026 16:41,V2_H1N2v  Example 2,CDC-23-A
Sera1,,D6,640,35,,,,,P2V2,Plate 05,8/21/2026 16:41,V2_H1N2v  Example 2,CDC-23-A
Sera1,,A7,1280,85,4,63,16,26.082,P2V2,Plate 05,8/21/2026 16:41,V2_H1N2v  Example 2,CDC-23-A
Sera1,,B7,1280,66,,,,,P2V2,Plate 05,8/21/2026 16:41,V2_H1N2v  Example 2,CDC-23-A
Sera1,,C7,1280,52,,,,,P2V2,Plate 05,8/21/2026 16:41,V2_H1N2v  Example 2,CDC-23-A
Sera1,,D7,1280,49,,,,,P2V2,Plate 05,8/21/2026 16:41,V2_H1N2v  Example 2,CDC-23-A
Sera1,,A8,2560,194,4,154,27,17.407,P2V2,Plate 05,8/21/2026 16:41,V2_H1N2v  Example 2,CDC-23-A
Sera1,,B8,2560,143,,,,,P2V2,Plate 05,8/21/2026 16:41,V2_H1N2v  Example 2,CDC-23-A
Sera1,,C8,2560,135,,,,,P2V2,Plate 05,8/21/2026 16:41,V2_H1N2v  Example 2,CDC-23-A
Sera1,,D8,2560,145,,,,,P2V2,Plate 05,8/21/2026 16:41,V2_H1N2v  Example 2,CDC-23-A
Sera1,,A9,5120,328,4,266,83,31.393,P2V2,Plate 05,8/21/2026 16:41,V2_H1N2v  Example 2,CDC-23-A
Sera1,,B9,5120,317,,,,,P2V2,Plate 05,8/21/2026 16:41,V2_H1N2v  Example 2,CDC-23-A
Sera1,,C9,5120,146,,,,,P2V2,Plate 05,8/21/2026 16:41,V2_H1N2v  Example 2,CDC-23-A
Sera1,,D9,5120,272,,,,,P2V2,Plate 05,8/21/2026 16:41,V2_H1N2v  Example 2,CDC-23-A
Sera1,,A10,10240,492,4,400,65,16.366,P2V2,Plate 05,8/21/2026 16:41,V2_H1N2v  Example 2,CDC-23-A
Sera1,,B10,10240,392,,,,,P2V2,Plate 05,8/21/2026 16:41,V2_H1N2v  Example 2,CDC-23-A
Sera1,,C10,10240,378,,,,,P2V2,Plate 05,8/21/2026 16:41,V2_H1N2v  Example 2,CDC-23-A
Sera1,,D10,10240,338,,,,,P2V2,Plate 05,8/21/2026 16:41,V2_H1N2v  Example 2,CDC-23-A
Sera2,,E1,20,4,4,3,1,34.816,P2V2,Plate 05,8/21/2026 16:41,V2_H1N2v  Example 2,CDC-23-B
Sera2,,F1,20,2,,,,,P2V2,Plate 05,8/21/2026 16:41,V2_H1N2v  Example 2,CDC-23-B
Sera2,,G1,20,2,,,,,P2V2,Plate 05,8/21/2026 16:41,V2_H1N2v  Example 2,CDC-23-B
Sera2,,H1,20,3,,,,,P2V2,Plate 05,8/21/2026 16:41,V2_H1N2v  Example 2,CDC-23-B
Sera2,,E2,40,7,4,6,2,35.478,P2V2,Plate 05,8/21/2026 16:41,V2_H1N2v  Example 2,CDC-23-B
Sera2,,F2,40,3,,,,,P2V2,Plate 05,8/21/2026 16:41,V2_H1N2v  Example 2,CDC-23-B
Sera2,,G2,40,7,,,,,P2V2,Plate 05,8/21/2026 16:41,V2_H1N2v  Example 2,CDC-23-B
Sera2,,H2,40,8,,,,,P2V2,Plate 05,8/21/2026 16:41,V2_H1N2v  Example 2,CDC-23-B
Sera2,,E3,80,4,4,9,3,40.184,P2V2,Plate 05,8/21/2026 16:41,V2_H1N2v  Example 2,CDC-23-B
Sera2,,F3,80,10,,,,,P2V2,Plate 05,8/21/2026 16:41,V2_H1N2v  Example 2,CDC-23-B
Sera2,,G3,80,8,,,,,P2V2,Plate 05,8/21/2026 16:41,V2_H1N2v  Example 2,CDC-23-B
Sera2,,H3,80,12,,,,,P2V2,Plate 05,8/21/2026 16:41,V2_H1N2v  Example 2,CDC-23-B
Sera2,,E4,160,8,4,17,11,67.786,P2V2,Plate 05,8/21/2026 16:41,V2_H1N2v  Example 2,CDC-23-B
Sera2,,F4,160,10,,,,,P2V2,Plate 05,8/21/2026 16:41,V2_H1N2v  Example 2,CDC-23-B
Sera2,,G4,160,16,,,,,P2V2,Plate 05,8/21/2026 16:41,V2_H1N2v  Example 2,CDC-23-B
Sera2,,H4,160,33,,,,,P2V2,Plate 05,8/21/2026 16:41,V2_H1N2v  Example 2,CDC-23-B
Sera2,,E5,320,28,4,47,17,35.219,P2V2,Plate 05,8/21/2026 16:41,V2_H1N2v  Example 2,CDC-23-B
Sera2,,F5,320,41,,,,,P2V2,Plate 05,8/21/2026 16:41,V2_H1N2v  Example 2,CDC-23-B
Sera2,,G5,320,52,,,,,P2V2,Plate 05,8/21/2026 16:41,V2_H1N2v  Example 2,CDC-23-B
Sera2,,H5,320,67,,,,,P2V2,Plate 05,8/21/2026 16:41,V2_H1N2v  Example 2,CDC-23-B
Sera2,,E6,640,52,4,79,21,27.11,P2V2,Plate 05,8/21/2026 16:41,V2_H1N2v  Example 2,CDC-23-B
Sera2,,F6,640,75,,,,,P2V2,Plate 05,8/21/2026 16:41,V2_H1N2v  Example 2,CDC-23-B
Sera2,,G6,640,87,,,,,P2V2,Plate 05,8/21/2026 16:41,V2_H1N2v  Example 2,CDC-23-B
Sera2,,H6,640,103,,,,,P2V2,Plate 05,8/21/2026 16:41,V2_H1N2v  Example 2,CDC-23-B
Sera2,,E7,1280,123,4,196,66,33.804,P2V2,Plate 05,8/21/2026 16:41,V2_H1N2v  Example 2,CDC-23-B
Sera2,,F7,1280,185,,,,,P2V2,Plate 05,8/21/2026 16:41,V2_H1N2v  Example 2,CDC-23-B
Sera2,,G7,1280,193,,,,,P2V2,Plate 05,8/21/2026 16:41,V2_H1N2v  Example 2,CDC-23-B
Sera2,,H7,1280,284,,,,,P2V2,Plate 05,8/21/2026 16:41,V2_H1N2v  Example 2,CDC-23-B
Sera2,,E8,2560,260,4,361,148,40.914,P2V2,Plate 05,8/21/2026 16:41,V2_H1N2v  Example 2,CDC-23-B
Sera2,,F8,2560,236,,,,,P2V2,Plate 05,8/21/2026 16:41,V2_H1N2v  Example 2,CDC-23-B
Sera2,,G8,2560,391,,,,,P2V2,Plate 05,8/21/2026 16:41,V2_H1N2v  Example 2,CDC-23-B
Sera2,,H8,2560,558,,,,,P2V2,Plate 05,8/21/2026 16:41,V2_H1N2v  Example 2,CDC-23-B
Sera2,,E9,5120,386,4,438,50,11.412,P2V2,Plate 05,8/21/2026 16:41,V2_H1N2v  Example 2,CDC-23-B
Sera2,,F9,5120,418,,,,,P2V2,Plate 05,8/21/2026 16:41,V2_H1N2v  Example 2,CDC-23-B
Sera2,,G9,5120,504,,,,,P2V2,Plate 05,8/21/2026 16:41,V2_H1N2v  Example 2,CDC-23-B
Sera2,,H9,5120,444,,,,,P2V2,Plate 05,8/21/2026 16:41,V2_H1N2v  Example 2,CDC-23-B
Sera2,,E10,10240,460,4,571,122,21.309,P2V2,Plate 05,8/21/2026 16:41,V2_H1N2v  Example 2,CDC-23-B
Sera2,,F10,10240,509,,,,,P2V2,Plate 05,8/21/2026 16:41,V2_H1N2v  Example 2,CDC-23-B
Sera2,,G10,10240,576,,,,,P2V2,Plate 05,8/21/2026 16:41,V2_H1N2v  Example 2,CDC-23-B
Sera2,,H10,10240,739,,,,,P2V2,Plate 05,8/21/2026 16:41,V2_H1N2v  Example 2,CDC-23-B
CC,Cell Control,A12,NA,5,8,2,2,100.146,P3V2,Plate 06,8/21/2026 16:44,V2_H1N2v  Example 2,Cell Control
CC,Cell Control,B12,NA,4,,,,,P3V2,Plate 06,8/21/2026 16:44,V2_H1N2v  Example 2,Cell Control
CC,Cell Control,C12,NA,1,,,,,P3V2,Plate 06,8/21/2026 16:44,V2_H1N2v  Example 2,Cell Control
CC,Cell Control,D12,NA,1,,,,,P3V2,Plate 06,8/21/2026 16:44,V2_H1N2v  Example 2,Cell Control
CC,Cell Control,E12,NA,1,,,,,P3V2,Plate 06,8/21/2026 16:44,V2_H1N2v  Example 2,Cell Control
CC,Cell Control,F12,NA,0,,,,,P3V2,Plate 06,8/21/2026 16:44,V2_H1N2v  Example 2,Cell Control
CC,Cell Control,G12,NA,1,,,,,P3V2,Plate 06,8/21/2026 16:44,V2_H1N2v  Example 2,Cell Control
CC,Cell Control,H12,NA,1,,,,,P3V2,Plate 06,8/21/2026 16:44,V2_H1N2v  Example 2,Cell Control
VC,Virus Control,A11,0,329,8,327,99,30.334,P3V2,Plate 06,8/21/2026 16:44,V2_H1N2v  Example 2,Virus Control
VC,Virus Control,B11,0,287,,,,,P3V2,Plate 06,8/21/2026 16:44,V2_H1N2v  Example 2,Virus Control
VC,Virus Control,C11,0,249,,,,,P3V2,Plate 06,8/21/2026 16:44,V2_H1N2v  Example 2,Virus Control
VC,Virus Control,D11,0,300,,,,,P3V2,Plate 06,8/21/2026 16:44,V2_H1N2v  Example 2,Virus Control
VC,Virus Control,E11,0,267,,,,,P3V2,Plate 06,8/21/2026 16:44,V2_H1N2v  Example 2,Virus Control
VC,Virus Control,F11,0,325,,,,,P3V2,Plate 06,8/21/2026 16:44,V2_H1N2v  Example 2,Virus Control
VC,Virus Control,G11,0,298,,,,,P3V2,Plate 06,8/21/2026 16:44,V2_H1N2v  Example 2,Virus Control
VC,Virus Control,H11,0,564,,,,,P3V2,Plate 06,8/21/2026 16:44,V2_H1N2v  Example 2,Virus Control
Sera1,,A1,20,4,4,4,1,36.886,P3V2,Plate 06,8/21/2026 16:44,V2_H1N2v  Example 2,2025-085
Sera1,,B1,20,5,,,,,P3V2,Plate 06,8/21/2026 16:44,V2_H1N2v  Example 2,2025-085
Sera1,,C1,20,2,,,,,P3V2,Plate 06,8/21/2026 16:44,V2_H1N2v  Example 2,2025-085
Sera1,,D1,20,3,,,,,P3V2,Plate 06,8/21/2026 16:44,V2_H1N2v  Example 2,2025-085
Sera1,,A2,40,13,4,9,5,54.762,P3V2,Plate 06,8/21/2026 16:44,V2_H1N2v  Example 2,2025-085
Sera1,,B2,40,10,,,,,P3V2,Plate 06,8/21/2026 16:44,V2_H1N2v  Example 2,2025-085
Sera1,,C2,40,9,,,,,P3V2,Plate 06,8/21/2026 16:44,V2_H1N2v  Example 2,2025-085
Sera1,,D2,40,2,,,,,P3V2,Plate 06,8/21/2026 16:44,V2_H1N2v  Example 2,2025-085
Sera1,,A3,80,18,4,13,7,56.875,P3V2,Plate 06,8/21/2026 16:44,V2_H1N2v  Example 2,2025-085
Sera1,,B3,80,10,,,,,P3V2,Plate 06,8/21/2026 16:44,V2_H1N2v  Example 2,2025-085
Sera1,,C3,80,20,,,,,P3V2,Plate 06,8/21/2026 16:44,V2_H1N2v  Example 2,2025-085
Sera1,,D3,80,4,,,,,P3V2,Plate 06,8/21/2026 16:44,V2_H1N2v  Example 2,2025-085
Sera1,,A4,160,35,4,31,4,13.686,P3V2,Plate 06,8/21/2026 16:44,V2_H1N2v  Example 2,2025-085
Sera1,,B4,160,25,,,,,P3V2,Plate 06,8/21/2026 16:44,V2_H1N2v  Example 2,2025-085
Sera1,,C4,160,32,,,,,P3V2,Plate 06,8/21/2026 16:44,V2_H1N2v  Example 2,2025-085
Sera1,,D4,160,32,,,,,P3V2,Plate 06,8/21/2026 16:44,V2_H1N2v  Example 2,2025-085
Sera1,,A5,320,86,4,66,19,28.44,P3V2,Plate 06,8/21/2026 16:44,V2_H1N2v  Example 2,2025-085
Sera1,,B5,320,70,,,,,P3V2,Plate 06,8/21/2026 16:44,V2_H1N2v  Example 2,2025-085
Sera1,,C5,320,65,,,,,P3V2,Plate 06,8/21/2026 16:44,V2_H1N2v  Example 2,2025-085
Sera1,,D5,320,41,,,,,P3V2,Plate 06,8/21/2026 16:44,V2_H1N2v  Example 2,2025-085
Sera1,,A6,640,129,4,107,20,18.245,P3V2,Plate 06,8/21/2026 16:44,V2_H1N2v  Example 2,2025-085
Sera1,,B6,640,102,,,,,P3V2,Plate 06,8/21/2026 16:44,V2_H1N2v  Example 2,2025-085
Sera1,,C6,640,83,,,,,P3V2,Plate 06,8/21/2026 16:44,V2_H1N2v  Example 2,2025-085
Sera1,,D6,640,115,,,,,P3V2,Plate 06,8/21/2026 16:44,V2_H1N2v  Example 2,2025-085
Sera1,,A7,1280,250,4,197,50,25.421,P3V2,Plate 06,8/21/2026 16:44,V2_H1N2v  Example 2,2025-085
Sera1,,B7,1280,226,,,,,P3V2,Plate 06,8/21/2026 16:44,V2_H1N2v  Example 2,2025-085
Sera1,,C7,1280,140,,,,,P3V2,Plate 06,8/21/2026 16:44,V2_H1N2v  Example 2,2025-085
Sera1,,D7,1280,172,,,,,P3V2,Plate 06,8/21/2026 16:44,V2_H1N2v  Example 2,2025-085
Sera1,,A8,2560,330,4,260,53,20.286,P3V2,Plate 06,8/21/2026 16:44,V2_H1N2v  Example 2,2025-085
Sera1,,B8,2560,261,,,,,P3V2,Plate 06,8/21/2026 16:44,V2_H1N2v  Example 2,2025-085
Sera1,,C8,2560,203,,,,,P3V2,Plate 06,8/21/2026 16:44,V2_H1N2v  Example 2,2025-085
Sera1,,D8,2560,246,,,,,P3V2,Plate 06,8/21/2026 16:44,V2_H1N2v  Example 2,2025-085
Sera1,,A9,5120,252,4,240,50,21.019,P3V2,Plate 06,8/21/2026 16:44,V2_H1N2v  Example 2,2025-085
Sera1,,B9,5120,236,,,,,P3V2,Plate 06,8/21/2026 16:44,V2_H1N2v  Example 2,2025-085
Sera1,,C9,5120,175,,,,,P3V2,Plate 06,8/21/2026 16:44,V2_H1N2v  Example 2,2025-085
Sera1,,D9,5120,297,,,,,P3V2,Plate 06,8/21/2026 16:44,V2_H1N2v  Example 2,2025-085
Sera1,,A10,10240,347,4,301,34,11.446,P3V2,Plate 06,8/21/2026 16:44,V2_H1N2v  Example 2,2025-085
Sera1,,B10,10240,297,,,,,P3V2,Plate 06,8/21/2026 16:44,V2_H1N2v  Example 2,2025-085
Sera1,,C10,10240,264,,,,,P3V2,Plate 06,8/21/2026 16:44,V2_H1N2v  Example 2,2025-085
Sera1,,D10,10240,294,,,,,P3V2,Plate 06,8/21/2026 16:44,V2_H1N2v  Example 2,2025-085
Sera2,,E1,20,0,4,1,1,115.47,P3V2,Plate 06,8/21/2026 16:44,V2_H1N2v  Example 2,2025-086
Sera2,,F1,20,2,,,,,P3V2,Plate 06,8/21/2026 16:44,V2_H1N2v  Example 2,2025-086
Sera2,,G1,20,0,,,,,P3V2,Plate 06,8/21/2026 16:44,V2_H1N2v  Example 2,2025-086
Sera2,,H1,20,2,,,,,P3V2,Plate 06,8/21/2026 16:44,V2_H1N2v  Example 2,2025-086
Sera2,,E2,40,12,4,5,5,89.847,P3V2,Plate 06,8/21/2026 16:44,V2_H1N2v  Example 2,2025-086
Sera2,,F2,40,2,,,,,P3V2,Plate 06,8/21/2026 16:44,V2_H1N2v  Example 2,2025-086
Sera2,,G2,40,2,,,,,P3V2,Plate 06,8/21/2026 16:44,V2_H1N2v  Example 2,2025-086
Sera2,,H2,40,5,,,,,P3V2,Plate 06,8/21/2026 16:44,V2_H1N2v  Example 2,2025-086
Sera2,,E3,80,5,4,9,5,57.048,P3V2,Plate 06,8/21/2026 16:44,V2_H1N2v  Example 2,2025-086
Sera2,,F3,80,8,,,,,P3V2,Plate 06,8/21/2026 16:44,V2_H1N2v  Example 2,2025-086
Sera2,,G3,80,6,,,,,P3V2,Plate 06,8/21/2026 16:44,V2_H1N2v  Example 2,2025-086
Sera2,,H3,80,16,,,,,P3V2,Plate 06,8/21/2026 16:44,V2_H1N2v  Example 2,2025-086
Sera2,,E4,160,17,4,18,4,21.267,P3V2,Plate 06,8/21/2026 16:44,V2_H1N2v  Example 2,2025-086
Sera2,,F4,160,19,,,,,P3V2,Plate 06,8/21/2026 16:44,V2_H1N2v  Example 2,2025-086
Sera2,,G4,160,13,,,,,P3V2,Plate 06,8/21/2026 16:44,V2_H1N2v  Example 2,2025-086
Sera2,,H4,160,22,,,,,P3V2,Plate 06,8/21/2026 16:44,V2_H1N2v  Example 2,2025-086
Sera2,,E5,320,37,4,47,8,17.11,P3V2,Plate 06,8/21/2026 16:44,V2_H1N2v  Example 2,2025-086
Sera2,,F5,320,44,,,,,P3V2,Plate 06,8/21/2026 16:44,V2_H1N2v  Example 2,2025-086
Sera2,,G5,320,53,,,,,P3V2,Plate 06,8/21/2026 16:44,V2_H1N2v  Example 2,2025-086
Sera2,,H5,320,54,,,,,P3V2,Plate 06,8/21/2026 16:44,V2_H1N2v  Example 2,2025-086
Sera2,,E6,640,89,4,96,44,46.093,P3V2,Plate 06,8/21/2026 16:44,V2_H1N2v  Example 2,2025-086
Sera2,,F6,640,44,,,,,P3V2,Plate 06,8/21/2026 16:44,V2_H1N2v  Example 2,2025-086
Sera2,,G6,640,100,,,,,P3V2,Plate 06,8/21/2026 16:44,V2_H1N2v  Example 2,2025-086
Sera2,,H6,640,152,,,,,P3V2,Plate 06,8/21/2026 16:44,V2_H1N2v  Example 2,2025-086
Sera2,,E7,1280,134,4,230,105,45.48,P3V2,Plate 06,8/21/2026 16:44,V2_H1N2v  Example 2,2025-086
Sera2,,F7,1280,202,,,,,P3V2,Plate 06,8/21/2026 16:44,V2_H1N2v  Example 2,2025-086
Sera2,,G7,1280,205,,,,,P3V2,Plate 06,8/21/2026 16:44,V2_H1N2v  Example 2,2025-086
Sera2,,H7,1280,379,,,,,P3V2,Plate 06,8/21/2026 16:44,V2_H1N2v  Example 2,2025-086
Sera2,,E8,2560,189,4,321,121,37.726,P3V2,Plate 06,8/21/2026 16:44,V2_H1N2v  Example 2,2025-086
Sera2,,F8,2560,259,,,,,P3V2,Plate 06,8/21/2026 16:44,V2_H1N2v  Example 2,2025-086
Sera2,,G8,2560,375,,,,,P3V2,Plate 06,8/21/2026 16:44,V2_H1N2v  Example 2,2025-086
Sera2,,H8,2560,462,,,,,P3V2,Plate 06,8/21/2026 16:44,V2_H1N2v  Example 2,2025-086
Sera2,,E9,5120,248,4,308,92,30.001,P3V2,Plate 06,8/21/2026 16:44,V2_H1N2v  Example 2,2025-086
Sera2,,F9,5120,240,,,,,P3V2,Plate 06,8/21/2026 16:44,V2_H1N2v  Example 2,2025-086
Sera2,,G9,5120,305,,,,,P3V2,Plate 06,8/21/2026 16:44,V2_H1N2v  Example 2,2025-086
Sera2,,H9,5120,440,,,,,P3V2,Plate 06,8/21/2026 16:44,V2_H1N2v  Example 2,2025-086
Sera2,,E10,10240,192,4,285,112,39.282,P3V2,Plate 06,8/21/2026 16:44,V2_H1N2v  Example 2,2025-086
Sera2,,F10,10240,230,,,,,P3V2,Plate 06,8/21/2026 16:44,V2_H1N2v  Example 2,2025-086
Sera2,,G10,10240,271,,,,,P3V2,Plate 06,8/21/2026 16:44,V2_H1N2v  Example 2,2025-086
Sera2,,H10,10240,445,,,,,P3V2,Plate 06,8/21/2026 16:44,V2_H1N2v  Example 2,2025-086
CC,Cell Control,A12,NA,3,8,2,1,66.476,P1V3,Plate 07,8/21/2026 16:05,V3_H1N2v Example 3,Cell Control
CC,Cell Control,B12,NA,4,,,,,P1V3,Plate 07,8/21/2026 16:05,V3_H1N2v Example 3,Cell Control
CC,Cell Control,C12,NA,1,,,,,P1V3,Plate 07,8/21/2026 16:05,V3_H1N2v Example 3,Cell Control
CC,Cell Control,D12,NA,2,,,,,P1V3,Plate 07,8/21/2026 16:05,V3_H1N2v Example 3,Cell Control
CC,Cell Control,E12,NA,2,,,,,P1V3,Plate 07,8/21/2026 16:05,V3_H1N2v Example 3,Cell Control
CC,Cell Control,F12,NA,0,,,,,P1V3,Plate 07,8/21/2026 16:05,V3_H1N2v Example 3,Cell Control
CC,Cell Control,G12,NA,2,,,,,P1V3,Plate 07,8/21/2026 16:05,V3_H1N2v Example 3,Cell Control
CC,Cell Control,H12,NA,1,,,,,P1V3,Plate 07,8/21/2026 16:05,V3_H1N2v Example 3,Cell Control
VC,Virus Control,A11,0,451,8,438,30,6.807,P1V3,Plate 07,8/21/2026 16:05,V3_H1N2v Example 3,Virus Control
VC,Virus Control,B11,0,429,,,,,P1V3,Plate 07,8/21/2026 16:05,V3_H1N2v Example 3,Virus Control
VC,Virus Control,C11,0,395,,,,,P1V3,Plate 07,8/21/2026 16:05,V3_H1N2v Example 3,Virus Control
VC,Virus Control,D11,0,401,,,,,P1V3,Plate 07,8/21/2026 16:05,V3_H1N2v Example 3,Virus Control
VC,Virus Control,E11,0,443,,,,,P1V3,Plate 07,8/21/2026 16:05,V3_H1N2v Example 3,Virus Control
VC,Virus Control,F11,0,464,,,,,P1V3,Plate 07,8/21/2026 16:05,V3_H1N2v Example 3,Virus Control
VC,Virus Control,G11,0,434,,,,,P1V3,Plate 07,8/21/2026 16:05,V3_H1N2v Example 3,Virus Control
VC,Virus Control,H11,0,483,,,,,P1V3,Plate 07,8/21/2026 16:05,V3_H1N2v Example 3,Virus Control
Sera1,,A1,20,17,4,16,4,23.385,P1V3,Plate 07,8/21/2026 16:05,V3_H1N2v Example 3,2018-093
Sera1,,B1,20,16,,,,,P1V3,Plate 07,8/21/2026 16:05,V3_H1N2v Example 3,2018-093
Sera1,,C1,20,20,,,,,P1V3,Plate 07,8/21/2026 16:05,V3_H1N2v Example 3,2018-093
Sera1,,D1,20,11,,,,,P1V3,Plate 07,8/21/2026 16:05,V3_H1N2v Example 3,2018-093
Sera1,,A2,40,38,4,32,6,18.781,P1V3,Plate 07,8/21/2026 16:05,V3_H1N2v Example 3,2018-093
Sera1,,B2,40,35,,,,,P1V3,Plate 07,8/21/2026 16:05,V3_H1N2v Example 3,2018-093
Sera1,,C2,40,27,,,,,P1V3,Plate 07,8/21/2026 16:05,V3_H1N2v Example 3,2018-093
Sera1,,D2,40,26,,,,,P1V3,Plate 07,8/21/2026 16:05,V3_H1N2v Example 3,2018-093
Sera1,,A3,80,92,4,76,15,19.361,P1V3,Plate 07,8/21/2026 16:05,V3_H1N2v Example 3,2018-093
Sera1,,B3,80,80,,,,,P1V3,Plate 07,8/21/2026 16:05,V3_H1N2v Example 3,2018-093
Sera1,,C3,80,73,,,,,P1V3,Plate 07,8/21/2026 16:05,V3_H1N2v Example 3,2018-093
Sera1,,D3,80,57,,,,,P1V3,Plate 07,8/21/2026 16:05,V3_H1N2v Example 3,2018-093
Sera1,,A4,160,140,4,117,25,21.057,P1V3,Plate 07,8/21/2026 16:05,V3_H1N2v Example 3,2018-093
Sera1,,B4,160,83,,,,,P1V3,Plate 07,8/21/2026 16:05,V3_H1N2v Example 3,2018-093
Sera1,,C4,160,129,,,,,P1V3,Plate 07,8/21/2026 16:05,V3_H1N2v Example 3,2018-093
Sera1,,D4,160,117,,,,,P1V3,Plate 07,8/21/2026 16:05,V3_H1N2v Example 3,2018-093
Sera1,,A5,320,243,4,197,33,16.737,P1V3,Plate 07,8/21/2026 16:05,V3_H1N2v Example 3,2018-093
Sera1,,B5,320,192,,,,,P1V3,Plate 07,8/21/2026 16:05,V3_H1N2v Example 3,2018-093
Sera1,,C5,320,185,,,,,P1V3,Plate 07,8/21/2026 16:05,V3_H1N2v Example 3,2018-093
Sera1,,D5,320,166,,,,,P1V3,Plate 07,8/21/2026 16:05,V3_H1N2v Example 3,2018-093
Sera1,,A6,640,347,4,283,48,17.041,P1V3,Plate 07,8/21/2026 16:05,V3_H1N2v Example 3,2018-093
Sera1,,B6,640,284,,,,,P1V3,Plate 07,8/21/2026 16:05,V3_H1N2v Example 3,2018-093
Sera1,,C6,640,232,,,,,P1V3,Plate 07,8/21/2026 16:05,V3_H1N2v Example 3,2018-093
Sera1,,D6,640,267,,,,,P1V3,Plate 07,8/21/2026 16:05,V3_H1N2v Example 3,2018-093
Sera1,,A7,1280,381,4,349,23,6.73,P1V3,Plate 07,8/21/2026 16:05,V3_H1N2v Example 3,2018-093
Sera1,,B7,1280,339,,,,,P1V3,Plate 07,8/21/2026 16:05,V3_H1N2v Example 3,2018-093
Sera1,,C7,1280,326,,,,,P1V3,Plate 07,8/21/2026 16:05,V3_H1N2v Example 3,2018-093
Sera1,,D7,1280,349,,,,,P1V3,Plate 07,8/21/2026 16:05,V3_H1N2v Example 3,2018-093
Sera1,,A8,2560,452,4,404,34,8.456,P1V3,Plate 07,8/21/2026 16:05,V3_H1N2v Example 3,2018-093
Sera1,,B8,2560,399,,,,,P1V3,Plate 07,8/21/2026 16:05,V3_H1N2v Example 3,2018-093
Sera1,,C8,2560,392,,,,,P1V3,Plate 07,8/21/2026 16:05,V3_H1N2v Example 3,2018-093
Sera1,,D8,2560,372,,,,,P1V3,Plate 07,8/21/2026 16:05,V3_H1N2v Example 3,2018-093
Sera1,,A9,5120,441,4,393,35,8.802,P1V3,Plate 07,8/21/2026 16:05,V3_H1N2v Example 3,2018-093
Sera1,,B9,5120,390,,,,,P1V3,Plate 07,8/21/2026 16:05,V3_H1N2v Example 3,2018-093
Sera1,,C9,5120,382,,,,,P1V3,Plate 07,8/21/2026 16:05,V3_H1N2v Example 3,2018-093
Sera1,,D9,5120,359,,,,,P1V3,Plate 07,8/21/2026 16:05,V3_H1N2v Example 3,2018-093
Sera1,,A10,10240,497,4,428,52,12.143,P1V3,Plate 07,8/21/2026 16:05,V3_H1N2v Example 3,2018-093
Sera1,,B10,10240,434,,,,,P1V3,Plate 07,8/21/2026 16:05,V3_H1N2v Example 3,2018-093
Sera1,,C10,10240,408,,,,,P1V3,Plate 07,8/21/2026 16:05,V3_H1N2v Example 3,2018-093
Sera1,,D10,10240,374,,,,,P1V3,Plate 07,8/21/2026 16:05,V3_H1N2v Example 3,2018-093
Sera2,,E1,20,21,4,26,4,15.702,P1V3,Plate 07,8/21/2026 16:05,V3_H1N2v Example 3,2018-094
Sera2,,F1,20,26,,,,,P1V3,Plate 07,8/21/2026 16:05,V3_H1N2v Example 3,2018-094
Sera2,,G1,20,26,,,,,P1V3,Plate 07,8/21/2026 16:05,V3_H1N2v Example 3,2018-094
Sera2,,H1,20,31,,,,,P1V3,Plate 07,8/21/2026 16:05,V3_H1N2v Example 3,2018-094
Sera2,,E2,40,71,4,67,7,10.309,P1V3,Plate 07,8/21/2026 16:05,V3_H1N2v Example 3,2018-094
Sera2,,F2,40,57,,,,,P1V3,Plate 07,8/21/2026 16:05,V3_H1N2v Example 3,2018-094
Sera2,,G2,40,72,,,,,P1V3,Plate 07,8/21/2026 16:05,V3_H1N2v Example 3,2018-094
Sera2,,H2,40,66,,,,,P1V3,Plate 07,8/21/2026 16:05,V3_H1N2v Example 3,2018-094
Sera2,,E3,80,158,4,166,9,5.256,P1V3,Plate 07,8/21/2026 16:05,V3_H1N2v Example 3,2018-094
Sera2,,F3,80,164,,,,,P1V3,Plate 07,8/21/2026 16:05,V3_H1N2v Example 3,2018-094
Sera2,,G3,80,162,,,,,P1V3,Plate 07,8/21/2026 16:05,V3_H1N2v Example 3,2018-094
Sera2,,H3,80,178,,,,,P1V3,Plate 07,8/21/2026 16:05,V3_H1N2v Example 3,2018-094
Sera2,,E4,160,217,4,233,15,6.612,P1V3,Plate 07,8/21/2026 16:05,V3_H1N2v Example 3,2018-094
Sera2,,F4,160,223,,,,,P1V3,Plate 07,8/21/2026 16:05,V3_H1N2v Example 3,2018-094
Sera2,,G4,160,249,,,,,P1V3,Plate 07,8/21/2026 16:05,V3_H1N2v Example 3,2018-094
Sera2,,H4,160,243,,,,,P1V3,Plate 07,8/21/2026 16:05,V3_H1N2v Example 3,2018-094
Sera2,,E5,320,322,4,312,23,7.53,P1V3,Plate 07,8/21/2026 16:05,V3_H1N2v Example 3,2018-094
Sera2,,F5,320,288,,,,,P1V3,Plate 07,8/21/2026 16:05,V3_H1N2v Example 3,2018-094
Sera2,,G5,320,298,,,,,P1V3,Plate 07,8/21/2026 16:05,V3_H1N2v Example 3,2018-094
Sera2,,H5,320,340,,,,,P1V3,Plate 07,8/21/2026 16:05,V3_H1N2v Example 3,2018-094
Sera2,,E6,640,362,4,380,14,3.639,P1V3,Plate 07,8/21/2026 16:05,V3_H1N2v Example 3,2018-094
Sera2,,F6,640,376,,,,,P1V3,Plate 07,8/21/2026 16:05,V3_H1N2v Example 3,2018-094
Sera2,,G6,640,388,,,,,P1V3,Plate 07,8/21/2026 16:05,V3_H1N2v Example 3,2018-094
Sera2,,H6,640,393,,,,,P1V3,Plate 07,8/21/2026 16:05,V3_H1N2v Example 3,2018-094
Sera2,,E7,1280,371,4,389,26,6.677,P1V3,Plate 07,8/21/2026 16:05,V3_H1N2v Example 3,2018-094
Sera2,,F7,1280,391,,,,,P1V3,Plate 07,8/21/2026 16:05,V3_H1N2v Example 3,2018-094
Sera2,,G7,1280,369,,,,,P1V3,Plate 07,8/21/2026 16:05,V3_H1N2v Example 3,2018-094
Sera2,,H7,1280,425,,,,,P1V3,Plate 07,8/21/2026 16:05,V3_H1N2v Example 3,2018-094
Sera2,,E8,2560,363,4,392,24,6.167,P1V3,Plate 07,8/21/2026 16:05,V3_H1N2v Example 3,2018-094
Sera2,,F8,2560,410,,,,,P1V3,Plate 07,8/21/2026 16:05,V3_H1N2v Example 3,2018-094
Sera2,,G8,2560,380,,,,,P1V3,Plate 07,8/21/2026 16:05,V3_H1N2v Example 3,2018-094
Sera2,,H8,2560,413,,,,,P1V3,Plate 07,8/21/2026 16:05,V3_H1N2v Example 3,2018-094
Sera2,,E9,5120,377,4,398,16,3.991,P1V3,Plate 07,8/21/2026 16:05,V3_H1N2v Example 3,2018-094
Sera2,,F9,5120,393,,,,,P1V3,Plate 07,8/21/2026 16:05,V3_H1N2v Example 3,2018-094
Sera2,,G9,5120,409,,,,,P1V3,Plate 07,8/21/2026 16:05,V3_H1N2v Example 3,2018-094
Sera2,,H9,5120,411,,,,,P1V3,Plate 07,8/21/2026 16:05,V3_H1N2v Example 3,2018-094
Sera2,,E10,10240,414,4,434,41,9.345,P1V3,Plate 07,8/21/2026 16:05,V3_H1N2v Example 3,2018-094
Sera2,,F10,10240,428,,,,,P1V3,Plate 07,8/21/2026 16:05,V3_H1N2v Example 3,2018-094
Sera2,,G10,10240,402,,,,,P1V3,Plate 07,8/21/2026 16:05,V3_H1N2v Example 3,2018-094
Sera2,,H10,10240,493,,,,,P1V3,Plate 07,8/21/2026 16:05,V3_H1N2v Example 3,2018-094
CC,Cell Control,A12,NA,2,8,3,2,79.832,P2V3,Plate 08,8/21/2026 16:50,V3_H1N2v Example 3,Cell Control
CC,Cell Control,B12,NA,8,,,,,P2V3,Plate 08,8/21/2026 16:50,V3_H1N2v Example 3,Cell Control
CC,Cell Control,C12,NA,4,,,,,P2V3,Plate 08,8/21/2026 16:50,V3_H1N2v Example 3,Cell Control
CC,Cell Control,D12,NA,2,,,,,P2V3,Plate 08,8/21/2026 16:50,V3_H1N2v Example 3,Cell Control
CC,Cell Control,E12,NA,3,,,,,P2V3,Plate 08,8/21/2026 16:50,V3_H1N2v Example 3,Cell Control
CC,Cell Control,F12,NA,1,,,,,P2V3,Plate 08,8/21/2026 16:50,V3_H1N2v Example 3,Cell Control
CC,Cell Control,G12,NA,2,,,,,P2V3,Plate 08,8/21/2026 16:50,V3_H1N2v Example 3,Cell Control
CC,Cell Control,H12,NA,1,,,,,P2V3,Plate 08,8/21/2026 16:50,V3_H1N2v Example 3,Cell Control
VC,Virus Control,A11,0,374,8,341,29,8.491,P2V3,Plate 08,8/21/2026 16:50,V3_H1N2v Example 3,Virus Control
VC,Virus Control,B11,0,360,,,,,P2V3,Plate 08,8/21/2026 16:50,V3_H1N2v Example 3,Virus Control
VC,Virus Control,C11,0,344,,,,,P2V3,Plate 08,8/21/2026 16:50,V3_H1N2v Example 3,Virus Control
VC,Virus Control,D11,0,313,,,,,P2V3,Plate 08,8/21/2026 16:50,V3_H1N2v Example 3,Virus Control
VC,Virus Control,E11,0,366,,,,,P2V3,Plate 08,8/21/2026 16:50,V3_H1N2v Example 3,Virus Control
VC,Virus Control,F11,0,336,,,,,P2V3,Plate 08,8/21/2026 16:50,V3_H1N2v Example 3,Virus Control
VC,Virus Control,G11,0,349,,,,,P2V3,Plate 08,8/21/2026 16:50,V3_H1N2v Example 3,Virus Control
VC,Virus Control,H11,0,287,,,,,P2V3,Plate 08,8/21/2026 16:50,V3_H1N2v Example 3,Virus Control
Sera1,,A1,20,29,4,19,10,50.074,P2V3,Plate 08,8/21/2026 16:50,V3_H1N2v Example 3,CDC-23-A
Sera1,,B1,20,22,,,,,P2V3,Plate 08,8/21/2026 16:50,V3_H1N2v Example 3,CDC-23-A
Sera1,,C1,20,20,,,,,P2V3,Plate 08,8/21/2026 16:50,V3_H1N2v Example 3,CDC-23-A
Sera1,,D1,20,6,,,,,P2V3,Plate 08,8/21/2026 16:50,V3_H1N2v Example 3,CDC-23-A
Sera1,,A2,40,32,4,34,3,8.386,P2V3,Plate 08,8/21/2026 16:50,V3_H1N2v Example 3,CDC-23-A
Sera1,,B2,40,32,,,,,P2V3,Plate 08,8/21/2026 16:50,V3_H1N2v Example 3,CDC-23-A
Sera1,,C2,40,35,,,,,P2V3,Plate 08,8/21/2026 16:50,V3_H1N2v Example 3,CDC-23-A
Sera1,,D2,40,38,,,,,P2V3,Plate 08,8/21/2026 16:50,V3_H1N2v Example 3,CDC-23-A
Sera1,,A3,80,83,4,69,14,20.767,P2V3,Plate 08,8/21/2026 16:50,V3_H1N2v Example 3,CDC-23-A
Sera1,,B3,80,71,,,,,P2V3,Plate 08,8/21/2026 16:50,V3_H1N2v Example 3,CDC-23-A
Sera1,,C3,80,73,,,,,P2V3,Plate 08,8/21/2026 16:50,V3_H1N2v Example 3,CDC-23-A
Sera1,,D3,80,49,,,,,P2V3,Plate 08,8/21/2026 16:50,V3_H1N2v Example 3,CDC-23-A
Sera1,,A4,160,132,4,122,12,9.745,P2V3,Plate 08,8/21/2026 16:50,V3_H1N2v Example 3,CDC-23-A
Sera1,,B4,160,130,,,,,P2V3,Plate 08,8/21/2026 16:50,V3_H1N2v Example 3,CDC-23-A
Sera1,,C4,160,106,,,,,P2V3,Plate 08,8/21/2026 16:50,V3_H1N2v Example 3,CDC-23-A
Sera1,,D4,160,120,,,,,P2V3,Plate 08,8/21/2026 16:50,V3_H1N2v Example 3,CDC-23-A
Sera1,,A5,320,182,4,200,18,9.18,P2V3,Plate 08,8/21/2026 16:50,V3_H1N2v Example 3,CDC-23-A
Sera1,,B5,320,224,,,,,P2V3,Plate 08,8/21/2026 16:50,V3_H1N2v Example 3,CDC-23-A
Sera1,,C5,320,190,,,,,P2V3,Plate 08,8/21/2026 16:50,V3_H1N2v Example 3,CDC-23-A
Sera1,,D5,320,203,,,,,P2V3,Plate 08,8/21/2026 16:50,V3_H1N2v Example 3,CDC-23-A
Sera1,,A6,640,300,4,287,16,5.747,P2V3,Plate 08,8/21/2026 16:50,V3_H1N2v Example 3,CDC-23-A
Sera1,,B6,640,302,,,,,P2V3,Plate 08,8/21/2026 16:50,V3_H1N2v Example 3,CDC-23-A
Sera1,,C6,640,273,,,,,P2V3,Plate 08,8/21/2026 16:50,V3_H1N2v Example 3,CDC-23-A
Sera1,,D6,640,272,,,,,P2V3,Plate 08,8/21/2026 16:50,V3_H1N2v Example 3,CDC-23-A
Sera1,,A7,1280,390,4,337,38,11.202,P2V3,Plate 08,8/21/2026 16:50,V3_H1N2v Example 3,CDC-23-A
Sera1,,B7,1280,329,,,,,P2V3,Plate 08,8/21/2026 16:50,V3_H1N2v Example 3,CDC-23-A
Sera1,,C7,1280,327,,,,,P2V3,Plate 08,8/21/2026 16:50,V3_H1N2v Example 3,CDC-23-A
Sera1,,D7,1280,301,,,,,P2V3,Plate 08,8/21/2026 16:50,V3_H1N2v Example 3,CDC-23-A
Sera1,,A8,2560,434,4,379,54,14.244,P2V3,Plate 08,8/21/2026 16:50,V3_H1N2v Example 3,CDC-23-A
Sera1,,B8,2560,414,,,,,P2V3,Plate 08,8/21/2026 16:50,V3_H1N2v Example 3,CDC-23-A
Sera1,,C8,2560,351,,,,,P2V3,Plate 08,8/21/2026 16:50,V3_H1N2v Example 3,CDC-23-A
Sera1,,D8,2560,318,,,,,P2V3,Plate 08,8/21/2026 16:50,V3_H1N2v Example 3,CDC-23-A
Sera1,,A9,5120,394,4,358,36,9.941,P2V3,Plate 08,8/21/2026 16:50,V3_H1N2v Example 3,CDC-23-A
Sera1,,B9,5120,380,,,,,P2V3,Plate 08,8/21/2026 16:50,V3_H1N2v Example 3,CDC-23-A
Sera1,,C9,5120,316,,,,,P2V3,Plate 08,8/21/2026 16:50,V3_H1N2v Example 3,CDC-23-A
Sera1,,D9,5120,342,,,,,P2V3,Plate 08,8/21/2026 16:50,V3_H1N2v Example 3,CDC-23-A
Sera1,,A10,10240,379,4,332,41,12.233,P2V3,Plate 08,8/21/2026 16:50,V3_H1N2v Example 3,CDC-23-A
Sera1,,B10,10240,351,,,,,P2V3,Plate 08,8/21/2026 16:50,V3_H1N2v Example 3,CDC-23-A
Sera1,,C10,10240,289,,,,,P2V3,Plate 08,8/21/2026 16:50,V3_H1N2v Example 3,CDC-23-A
Sera1,,D10,10240,309,,,,,P2V3,Plate 08,8/21/2026 16:50,V3_H1N2v Example 3,CDC-23-A
Sera2,,E1,20,18,4,22,4,18.557,P2V3,Plate 08,8/21/2026 16:50,V3_H1N2v Example 3,CDC-23-B
Sera2,,F1,20,26,,,,,P2V3,Plate 08,8/21/2026 16:50,V3_H1N2v Example 3,CDC-23-B
Sera2,,G1,20,19,,,,,P2V3,Plate 08,8/21/2026 16:50,V3_H1N2v Example 3,CDC-23-B
Sera2,,H1,20,25,,,,,P2V3,Plate 08,8/21/2026 16:50,V3_H1N2v Example 3,CDC-23-B
Sera2,,E2,40,61,4,61,9,15.453,P2V3,Plate 08,8/21/2026 16:50,V3_H1N2v Example 3,CDC-23-B
Sera2,,F2,40,48,,,,,P2V3,Plate 08,8/21/2026 16:50,V3_H1N2v Example 3,CDC-23-B
Sera2,,G2,40,69,,,,,P2V3,Plate 08,8/21/2026 16:50,V3_H1N2v Example 3,CDC-23-B
Sera2,,H2,40,67,,,,,P2V3,Plate 08,8/21/2026 16:50,V3_H1N2v Example 3,CDC-23-B
Sera2,,E3,80,129,4,124,8,6.359,P2V3,Plate 08,8/21/2026 16:50,V3_H1N2v Example 3,CDC-23-B
Sera2,,F3,80,122,,,,,P2V3,Plate 08,8/21/2026 16:50,V3_H1N2v Example 3,CDC-23-B
Sera2,,G3,80,113,,,,,P2V3,Plate 08,8/21/2026 16:50,V3_H1N2v Example 3,CDC-23-B
Sera2,,H3,80,130,,,,,P2V3,Plate 08,8/21/2026 16:50,V3_H1N2v Example 3,CDC-23-B
Sera2,,E4,160,198,4,199,13,6.422,P2V3,Plate 08,8/21/2026 16:50,V3_H1N2v Example 3,CDC-23-B
Sera2,,F4,160,189,,,,,P2V3,Plate 08,8/21/2026 16:50,V3_H1N2v Example 3,CDC-23-B
Sera2,,G4,160,217,,,,,P2V3,Plate 08,8/21/2026 16:50,V3_H1N2v Example 3,CDC-23-B
Sera2,,H4,160,191,,,,,P2V3,Plate 08,8/21/2026 16:50,V3_H1N2v Example 3,CDC-23-B
Sera2,,E5,320,241,4,242,9,3.901,P2V3,Plate 08,8/21/2026 16:50,V3_H1N2v Example 3,CDC-23-B
Sera2,,F5,320,238,,,,,P2V3,Plate 08,8/21/2026 16:50,V3_H1N2v Example 3,CDC-23-B
Sera2,,G5,320,255,,,,,P2V3,Plate 08,8/21/2026 16:50,V3_H1N2v Example 3,CDC-23-B
Sera2,,H5,320,233,,,,,P2V3,Plate 08,8/21/2026 16:50,V3_H1N2v Example 3,CDC-23-B
Sera2,,E6,640,299,4,288,11,3.649,P2V3,Plate 08,8/21/2026 16:50,V3_H1N2v Example 3,CDC-23-B
Sera2,,F6,640,275,,,,,P2V3,Plate 08,8/21/2026 16:50,V3_H1N2v Example 3,CDC-23-B
Sera2,,G6,640,293,,,,,P2V3,Plate 08,8/21/2026 16:50,V3_H1N2v Example 3,CDC-23-B
Sera2,,H6,640,284,,,,,P2V3,Plate 08,8/21/2026 16:50,V3_H1N2v Example 3,CDC-23-B
Sera2,,E7,1280,298,4,286,18,6.157,P2V3,Plate 08,8/21/2026 16:50,V3_H1N2v Example 3,CDC-23-B
Sera2,,F7,1280,289,,,,,P2V3,Plate 08,8/21/2026 16:50,V3_H1N2v Example 3,CDC-23-B
Sera2,,G7,1280,260,,,,,P2V3,Plate 08,8/21/2026 16:50,V3_H1N2v Example 3,CDC-23-B
Sera2,,H7,1280,296,,,,,P2V3,Plate 08,8/21/2026 16:50,V3_H1N2v Example 3,CDC-23-B
Sera2,,E8,2560,324,4,309,30,9.841,P2V3,Plate 08,8/21/2026 16:50,V3_H1N2v Example 3,CDC-23-B
Sera2,,F8,2560,322,,,,,P2V3,Plate 08,8/21/2026 16:50,V3_H1N2v Example 3,CDC-23-B
Sera2,,G8,2560,263,,,,,P2V3,Plate 08,8/21/2026 16:50,V3_H1N2v Example 3,CDC-23-B
Sera2,,H8,2560,325,,,,,P2V3,Plate 08,8/21/2026 16:50,V3_H1N2v Example 3,CDC-23-B
Sera2,,E9,5120,288,4,292,14,4.839,P2V3,Plate 08,8/21/2026 16:50,V3_H1N2v Example 3,CDC-23-B
Sera2,,F9,5120,302,,,,,P2V3,Plate 08,8/21/2026 16:50,V3_H1N2v Example 3,CDC-23-B
Sera2,,G9,5120,273,,,,,P2V3,Plate 08,8/21/2026 16:50,V3_H1N2v Example 3,CDC-23-B
Sera2,,H9,5120,303,,,,,P2V3,Plate 08,8/21/2026 16:50,V3_H1N2v Example 3,CDC-23-B
Sera2,,E10,10240,291,4,312,19,5.95,P2V3,Plate 08,8/21/2026 16:50,V3_H1N2v Example 3,CDC-23-B
Sera2,,F10,10240,302,,,,,P2V3,Plate 08,8/21/2026 16:50,V3_H1N2v Example 3,CDC-23-B
Sera2,,G10,10240,325,,,,,P2V3,Plate 08,8/21/2026 16:50,V3_H1N2v Example 3,CDC-23-B
Sera2,,H10,10240,330,,,,,P2V3,Plate 08,8/21/2026 16:50,V3_H1N2v Example 3,CDC-23-B
CC,Cell Control,A12,NA,8,8,3,3,83.571,P3V3,Plate 09,8/21/2026 16:53,V3_H1N2v Example 3,Cell Control
CC,Cell Control,B12,NA,4,,,,,P3V3,Plate 09,8/21/2026 16:53,V3_H1N2v Example 3,Cell Control
CC,Cell Control,C12,NA,1,,,,,P3V3,Plate 09,8/21/2026 16:53,V3_H1N2v Example 3,Cell Control
CC,Cell Control,D12,NA,5,,,,,P3V3,Plate 09,8/21/2026 16:53,V3_H1N2v Example 3,Cell Control
CC,Cell Control,E12,NA,2,,,,,P3V3,Plate 09,8/21/2026 16:53,V3_H1N2v Example 3,Cell Control
CC,Cell Control,F12,NA,1,,,,,P3V3,Plate 09,8/21/2026 16:53,V3_H1N2v Example 3,Cell Control
CC,Cell Control,G12,NA,2,,,,,P3V3,Plate 09,8/21/2026 16:53,V3_H1N2v Example 3,Cell Control
CC,Cell Control,H12,NA,1,,,,,P3V3,Plate 09,8/21/2026 16:53,V3_H1N2v Example 3,Cell Control
VC,Virus Control,A11,0,434,8,359,35,9.746,P3V3,Plate 09,8/21/2026 16:53,V3_H1N2v Example 3,Virus Control
VC,Virus Control,B11,0,378,,,,,P3V3,Plate 09,8/21/2026 16:53,V3_H1N2v Example 3,Virus Control
VC,Virus Control,C11,0,370,,,,,P3V3,Plate 09,8/21/2026 16:53,V3_H1N2v Example 3,Virus Control
VC,Virus Control,D11,0,351,,,,,P3V3,Plate 09,8/21/2026 16:53,V3_H1N2v Example 3,Virus Control
VC,Virus Control,E11,0,330,,,,,P3V3,Plate 09,8/21/2026 16:53,V3_H1N2v Example 3,Virus Control
VC,Virus Control,F11,0,330,,,,,P3V3,Plate 09,8/21/2026 16:53,V3_H1N2v Example 3,Virus Control
VC,Virus Control,G11,0,340,,,,,P3V3,Plate 09,8/21/2026 16:53,V3_H1N2v Example 3,Virus Control
VC,Virus Control,H11,0,340,,,,,P3V3,Plate 09,8/21/2026 16:53,V3_H1N2v Example 3,Virus Control
Sera1,,A1,20,66,4,70,3,4.154,P3V3,Plate 09,8/21/2026 16:53,V3_H1N2v Example 3,2025-085
Sera1,,B1,20,73,,,,,P3V3,Plate 09,8/21/2026 16:53,V3_H1N2v Example 3,2025-085
Sera1,,C1,20,69,,,,,P3V3,Plate 09,8/21/2026 16:53,V3_H1N2v Example 3,2025-085
Sera1,,D1,20,70,,,,,P3V3,Plate 09,8/21/2026 16:53,V3_H1N2v Example 3,2025-085
Sera1,,A2,40,159,4,148,24,16.219,P3V3,Plate 09,8/21/2026 16:53,V3_H1N2v Example 3,2025-085
Sera1,,B2,40,163,,,,,P3V3,Plate 09,8/21/2026 16:53,V3_H1N2v Example 3,2025-085
Sera1,,C2,40,157,,,,,P3V3,Plate 09,8/21/2026 16:53,V3_H1N2v Example 3,2025-085
Sera1,,D2,40,112,,,,,P3V3,Plate 09,8/21/2026 16:53,V3_H1N2v Example 3,2025-085
Sera1,,A3,80,292,4,253,33,12.904,P3V3,Plate 09,8/21/2026 16:53,V3_H1N2v Example 3,2025-085
Sera1,,B3,80,263,,,,,P3V3,Plate 09,8/21/2026 16:53,V3_H1N2v Example 3,2025-085
Sera1,,C3,80,239,,,,,P3V3,Plate 09,8/21/2026 16:53,V3_H1N2v Example 3,2025-085
Sera1,,D3,80,216,,,,,P3V3,Plate 09,8/21/2026 16:53,V3_H1N2v Example 3,2025-085
Sera1,,A4,160,367,4,311,44,14.025,P3V3,Plate 09,8/21/2026 16:53,V3_H1N2v Example 3,2025-085
Sera1,,B4,160,299,,,,,P3V3,Plate 09,8/21/2026 16:53,V3_H1N2v Example 3,2025-085
Sera1,,C4,160,314,,,,,P3V3,Plate 09,8/21/2026 16:53,V3_H1N2v Example 3,2025-085
Sera1,,D4,160,262,,,,,P3V3,Plate 09,8/21/2026 16:53,V3_H1N2v Example 3,2025-085
Sera1,,A5,320,427,4,335,75,22.257,P3V3,Plate 09,8/21/2026 16:53,V3_H1N2v Example 3,2025-085
Sera1,,B5,320,356,,,,,P3V3,Plate 09,8/21/2026 16:53,V3_H1N2v Example 3,2025-085
Sera1,,C5,320,303,,,,,P3V3,Plate 09,8/21/2026 16:53,V3_H1N2v Example 3,2025-085
Sera1,,D5,320,253,,,,,P3V3,Plate 09,8/21/2026 16:53,V3_H1N2v Example 3,2025-085
Sera1,,A6,640,437,4,344,65,18.96,P3V3,Plate 09,8/21/2026 16:53,V3_H1N2v Example 3,2025-085
Sera1,,B6,640,334,,,,,P3V3,Plate 09,8/21/2026 16:53,V3_H1N2v Example 3,2025-085
Sera1,,C6,640,315,,,,,P3V3,Plate 09,8/21/2026 16:53,V3_H1N2v Example 3,2025-085
Sera1,,D6,640,288,,,,,P3V3,Plate 09,8/21/2026 16:53,V3_H1N2v Example 3,2025-085
Sera1,,A7,1280,437,4,337,72,21.452,P3V3,Plate 09,8/21/2026 16:53,V3_H1N2v Example 3,2025-085
Sera1,,B7,1280,322,,,,,P3V3,Plate 09,8/21/2026 16:53,V3_H1N2v Example 3,2025-085
Sera1,,C7,1280,322,,,,,P3V3,Plate 09,8/21/2026 16:53,V3_H1N2v Example 3,2025-085
Sera1,,D7,1280,265,,,,,P3V3,Plate 09,8/21/2026 16:53,V3_H1N2v Example 3,2025-085
Sera1,,A8,2560,441,4,346,74,21.326,P3V3,Plate 09,8/21/2026 16:53,V3_H1N2v Example 3,2025-085
Sera1,,B8,2560,363,,,,,P3V3,Plate 09,8/21/2026 16:53,V3_H1N2v Example 3,2025-085
Sera1,,C8,2560,307,,,,,P3V3,Plate 09,8/21/2026 16:53,V3_H1N2v Example 3,2025-085
Sera1,,D8,2560,272,,,,,P3V3,Plate 09,8/21/2026 16:53,V3_H1N2v Example 3,2025-085
Sera1,,A9,5120,442,4,349,70,20.113,P3V3,Plate 09,8/21/2026 16:53,V3_H1N2v Example 3,2025-085
Sera1,,B9,5120,340,,,,,P3V3,Plate 09,8/21/2026 16:53,V3_H1N2v Example 3,2025-085
Sera1,,C9,5120,340,,,,,P3V3,Plate 09,8/21/2026 16:53,V3_H1N2v Example 3,2025-085
Sera1,,D9,5120,272,,,,,P3V3,Plate 09,8/21/2026 16:53,V3_H1N2v Example 3,2025-085
Sera1,,A10,10240,460,4,390,47,12.011,P3V3,Plate 09,8/21/2026 16:53,V3_H1N2v Example 3,2025-085
Sera1,,B10,10240,359,,,,,P3V3,Plate 09,8/21/2026 16:53,V3_H1N2v Example 3,2025-085
Sera1,,C10,10240,369,,,,,P3V3,Plate 09,8/21/2026 16:53,V3_H1N2v Example 3,2025-085
Sera1,,D10,10240,373,,,,,P3V3,Plate 09,8/21/2026 16:53,V3_H1N2v Example 3,2025-085
Sera2,,E1,20,38,4,31,6,17.793,P3V3,Plate 09,8/21/2026 16:53,V3X2_H1N2v Example 3,2025-086
Sera2,,F1,20,29,,,,,P3V3,Plate 09,8/21/2026 16:53,V3X2_H1N2v Example 3,2025-086
Sera2,,G1,20,33,,,,,P3V3,Plate 09,8/21/2026 16:53,V3X2_H1N2v Example 3,2025-086
Sera2,,H1,20,25,,,,,P3V3,Plate 09,8/21/2026 16:53,V3X2_H1N2v Example 3,2025-086
Sera2,,E2,40,63,4,61,4,6.445,P3V3,Plate 09,8/21/2026 16:53,V3X2_H1N2v Example 3,2025-086
Sera2,,F2,40,58,,,,,P3V3,Plate 09,8/21/2026 16:53,V3X2_H1N2v Example 3,2025-086
Sera2,,G2,40,58,,,,,P3V3,Plate 09,8/21/2026 16:53,V3X2_H1N2v Example 3,2025-086
Sera2,,H2,40,66,,,,,P3V3,Plate 09,8/21/2026 16:53,V3X2_H1N2v Example 3,2025-086
Sera2,,E3,80,127,4,135,6,4.55,P3V3,Plate 09,8/21/2026 16:53,V3X2_H1N2v Example 3,2025-086
Sera2,,F3,80,142,,,,,P3V3,Plate 09,8/21/2026 16:53,V3X2_H1N2v Example 3,2025-086
Sera2,,G3,80,135,,,,,P3V3,Plate 09,8/21/2026 16:53,V3X2_H1N2v Example 3,2025-086
Sera2,,H3,80,135,,,,,P3V3,Plate 09,8/21/2026 16:53,V3X2_H1N2v Example 3,2025-086
Sera2,,E4,160,185,4,178,19,10.884,P3V3,Plate 09,8/21/2026 16:53,V3X2_H1N2v Example 3,2025-086
Sera2,,F4,160,186,,,,,P3V3,Plate 09,8/21/2026 16:53,V3X2_H1N2v Example 3,2025-086
Sera2,,G4,160,149,,,,,P3V3,Plate 09,8/21/2026 16:53,V3X2_H1N2v Example 3,2025-086
Sera2,,H4,160,191,,,,,P3V3,Plate 09,8/21/2026 16:53,V3X2_H1N2v Example 3,2025-086
Sera2,,E5,320,243,4,233,10,4.082,P3V3,Plate 09,8/21/2026 16:53,V3X2_H1N2v Example 3,2025-086
Sera2,,F5,320,238,,,,,P3V3,Plate 09,8/21/2026 16:53,V3X2_H1N2v Example 3,2025-086
Sera2,,G5,320,228,,,,,P3V3,Plate 09,8/21/2026 16:53,V3X2_H1N2v Example 3,2025-086
Sera2,,H5,320,222,,,,,P3V3,Plate 09,8/21/2026 16:53,V3X2_H1N2v Example 3,2025-086
Sera2,,E6,640,256,4,254,8,3.016,P3V3,Plate 09,8/21/2026 16:53,V3X2_H1N2v Example 3,2025-086
Sera2,,F6,640,248,,,,,P3V3,Plate 09,8/21/2026 16:53,V3X2_H1N2v Example 3,2025-086
Sera2,,G6,640,248,,,,,P3V3,Plate 09,8/21/2026 16:53,V3X2_H1N2v Example 3,2025-086
Sera2,,H6,640,264,,,,,P3V3,Plate 09,8/21/2026 16:53,V3X2_H1N2v Example 3,2025-086
Sera2,,E7,1280,249,4,254,13,5.083,P3V3,Plate 09,8/21/2026 16:53,V3X2_H1N2v Example 3,2025-086
Sera2,,F7,1280,239,,,,,P3V3,Plate 09,8/21/2026 16:53,V3X2_H1N2v Example 3,2025-086
Sera2,,G7,1280,269,,,,,P3V3,Plate 09,8/21/2026 16:53,V3X2_H1N2v Example 3,2025-086
Sera2,,H7,1280,259,,,,,P3V3,Plate 09,8/21/2026 16:53,V3X2_H1N2v Example 3,2025-086
Sera2,,E8,2560,278,4,272,14,5.311,P3V3,Plate 09,8/21/2026 16:53,V3X2_H1N2v Example 3,2025-086
Sera2,,F8,2560,287,,,,,P3V3,Plate 09,8/21/2026 16:53,V3X2_H1N2v Example 3,2025-086
Sera2,,G8,2560,270,,,,,P3V3,Plate 09,8/21/2026 16:53,V3X2_H1N2v Example 3,2025-086
Sera2,,H8,2560,253,,,,,P3V3,Plate 09,8/21/2026 16:53,V3X2_H1N2v Example 3,2025-086
Sera2,,E9,5120,270,4,280,25,9.082,P3V3,Plate 09,8/21/2026 16:53,V3X2_H1N2v Example 3,2025-086
Sera2,,F9,5120,307,,,,,P3V3,Plate 09,8/21/2026 16:53,V3X2_H1N2v Example 3,2025-086
Sera2,,G9,5120,292,,,,,P3V3,Plate 09,8/21/2026 16:53,V3X2_H1N2v Example 3,2025-086
Sera2,,H9,5120,249,,,,,P3V3,Plate 09,8/21/2026 16:53,V3X2_H1N2v Example 3,2025-086
Sera2,,E10,10240,293,4,299,14,4.678,P3V3,Plate 09,8/21/2026 16:53,V3X2_H1N2v Example 3,2025-086
Sera2,,F10,10240,284,,,,,P3V3,Plate 09,8/21/2026 16:53,V3X2_H1N2v Example 3,2025-086
Sera2,,G10,10240,317,,,,,P3V3,Plate 09,8/21/2026 16:53,V3X2_H1N2v Example 3,2025-086
Sera2,,H10,10240,300,,,,,P3V3,Plate 09,8/21/2026 16:53,V3X2_H1N2v Example 3,2025-086
CC,Cell Control,A12,NA,7,8,4,2,56.99,P1V3 x2,Plate 10,8/21/2026 16:20,V3X2_H1N2v Example 3,Cell Control
CC,Cell Control,B12,NA,5,,,,,P1V3 x2,Plate 10,8/21/2026 16:20,V3X2_H1N2v Example 3,Cell Control
CC,Cell Control,C12,NA,1,,,,,P1V3 x2,Plate 10,8/21/2026 16:20,V3X2_H1N2v Example 3,Cell Control
CC,Cell Control,D12,NA,3,,,,,P1V3 x2,Plate 10,8/21/2026 16:20,V3X2_H1N2v Example 3,Cell Control
CC,Cell Control,E12,NA,4,,,,,P1V3 x2,Plate 10,8/21/2026 16:20,V3X2_H1N2v Example 3,Cell Control
CC,Cell Control,F12,NA,5,,,,,P1V3 x2,Plate 10,8/21/2026 16:20,V3X2_H1N2v Example 3,Cell Control
CC,Cell Control,G12,NA,3,,,,,P1V3 x2,Plate 10,8/21/2026 16:20,V3X2_H1N2v Example 3,Cell Control
CC,Cell Control,H12,NA,1,,,,,P1V3 x2,Plate 10,8/21/2026 16:20,V3X2_H1N2v Example 3,Cell Control
VC,Virus Control,A11,0,986,8,967,41,4.195,P1V3 x2,Plate 10,8/21/2026 16:20,V3X2_H1N2v Example 3,Virus Control
VC,Virus Control,B11,0,945,,,,,P1V3 x2,Plate 10,8/21/2026 16:20,V3X2_H1N2v Example 3,Virus Control
VC,Virus Control,C11,0,1016,,,,,P1V3 x2,Plate 10,8/21/2026 16:20,V3X2_H1N2v Example 3,Virus Control
VC,Virus Control,D11,0,922,,,,,P1V3 x2,Plate 10,8/21/2026 16:20,V3X2_H1N2v Example 3,Virus Control
VC,Virus Control,E11,0,899,,,,,P1V3 x2,Plate 10,8/21/2026 16:20,V3X2_H1N2v Example 3,Virus Control
VC,Virus Control,F11,0,976,,,,,P1V3 x2,Plate 10,8/21/2026 16:20,V3X2_H1N2v Example 3,Virus Control
VC,Virus Control,G11,0,991,,,,,P1V3 x2,Plate 10,8/21/2026 16:20,V3X2_H1N2v Example 3,Virus Control
VC,Virus Control,H11,0,998,,,,,P1V3 x2,Plate 10,8/21/2026 16:20,V3X2_H1N2v Example 3,Virus Control
Sera1,,A1,20,14,4,19,4,19.693,P1V3 x2,Plate 10,8/21/2026 16:20,V3X2_H1N2v Example 3,2018-093
Sera1,,B1,20,20,,,,,P1V3 x2,Plate 10,8/21/2026 16:20,V3X2_H1N2v Example 3,2018-093
Sera1,,C1,20,19,,,,,P1V3 x2,Plate 10,8/21/2026 16:20,V3X2_H1N2v Example 3,2018-093
Sera1,,D1,20,23,,,,,P1V3 x2,Plate 10,8/21/2026 16:20,V3X2_H1N2v Example 3,2018-093
Sera1,,A2,40,51,4,52,9,17.382,P1V3 x2,Plate 10,8/21/2026 16:20,V3X2_H1N2v Example 3,2018-093
Sera1,,B2,40,52,,,,,P1V3 x2,Plate 10,8/21/2026 16:20,V3X2_H1N2v Example 3,2018-093
Sera1,,C2,40,41,,,,,P1V3 x2,Plate 10,8/21/2026 16:20,V3X2_H1N2v Example 3,2018-093
Sera1,,D2,40,63,,,,,P1V3 x2,Plate 10,8/21/2026 16:20,V3X2_H1N2v Example 3,2018-093
Sera1,,A3,80,102,4,122,16,12.784,P1V3 x2,Plate 10,8/21/2026 16:20,V3X2_H1N2v Example 3,2018-093
Sera1,,B3,80,122,,,,,P1V3 x2,Plate 10,8/21/2026 16:20,V3X2_H1N2v Example 3,2018-093
Sera1,,C3,80,125,,,,,P1V3 x2,Plate 10,8/21/2026 16:20,V3X2_H1N2v Example 3,2018-093
Sera1,,D3,80,140,,,,,P1V3 x2,Plate 10,8/21/2026 16:20,V3X2_H1N2v Example 3,2018-093
Sera1,,A4,160,221,4,221,22,9.877,P1V3 x2,Plate 10,8/21/2026 16:20,V3X2_H1N2v Example 3,2018-093
Sera1,,B4,160,250,,,,,P1V3 x2,Plate 10,8/21/2026 16:20,V3X2_H1N2v Example 3,2018-093
Sera1,,C4,160,217,,,,,P1V3 x2,Plate 10,8/21/2026 16:20,V3X2_H1N2v Example 3,2018-093
Sera1,,D4,160,197,,,,,P1V3 x2,Plate 10,8/21/2026 16:20,V3X2_H1N2v Example 3,2018-093
Sera1,,A5,320,399,4,416,26,6.228,P1V3 x2,Plate 10,8/21/2026 16:20,V3X2_H1N2v Example 3,2018-093
Sera1,,B5,320,454,,,,,P1V3 x2,Plate 10,8/21/2026 16:20,V3X2_H1N2v Example 3,2018-093
Sera1,,C5,320,407,,,,,P1V3 x2,Plate 10,8/21/2026 16:20,V3X2_H1N2v Example 3,2018-093
Sera1,,D5,320,402,,,,,P1V3 x2,Plate 10,8/21/2026 16:20,V3X2_H1N2v Example 3,2018-093
Sera1,,A6,640,723,4,697,27,3.912,P1V3 x2,Plate 10,8/21/2026 16:20,V3X2_H1N2v Example 3,2018-093
Sera1,,B6,640,716,,,,,P1V3 x2,Plate 10,8/21/2026 16:20,V3X2_H1N2v Example 3,2018-093
Sera1,,C6,640,684,,,,,P1V3 x2,Plate 10,8/21/2026 16:20,V3X2_H1N2v Example 3,2018-093
Sera1,,D6,640,665,,,,,P1V3 x2,Plate 10,8/21/2026 16:20,V3X2_H1N2v Example 3,2018-093
Sera1,,A7,1280,910,4,850,43,5.043,P1V3 x2,Plate 10,8/21/2026 16:20,V3X2_H1N2v Example 3,2018-093
Sera1,,B7,1280,838,,,,,P1V3 x2,Plate 10,8/21/2026 16:20,V3X2_H1N2v Example 3,2018-093
Sera1,,C7,1280,841,,,,,P1V3 x2,Plate 10,8/21/2026 16:20,V3X2_H1N2v Example 3,2018-093
Sera1,,D7,1280,809,,,,,P1V3 x2,Plate 10,8/21/2026 16:20,V3X2_H1N2v Example 3,2018-093
Sera1,,A8,2560,983,4,927,43,4.629,P1V3 x2,Plate 10,8/21/2026 16:20,V3X2_H1N2v Example 3,2018-093
Sera1,,B8,2560,905,,,,,P1V3 x2,Plate 10,8/21/2026 16:20,V3X2_H1N2v Example 3,2018-093
Sera1,,C8,2560,934,,,,,P1V3 x2,Plate 10,8/21/2026 16:20,V3X2_H1N2v Example 3,2018-093
Sera1,,D8,2560,884,,,,,P1V3 x2,Plate 10,8/21/2026 16:20,V3X2_H1N2v Example 3,2018-093
Sera1,,A9,5120,910,4,878,25,2.825,P1V3 x2,Plate 10,8/21/2026 16:20,V3X2_H1N2v Example 3,2018-093
Sera1,,B9,5120,856,,,,,P1V3 x2,Plate 10,8/21/2026 16:20,V3X2_H1N2v Example 3,2018-093
Sera1,,C9,5120,885,,,,,P1V3 x2,Plate 10,8/21/2026 16:20,V3X2_H1N2v Example 3,2018-093
Sera1,,D9,5120,861,,,,,P1V3 x2,Plate 10,8/21/2026 16:20,V3X2_H1N2v Example 3,2018-093
Sera1,,A10,10240,994,4,978,28,2.848,P1V3 x2,Plate 10,8/21/2026 16:20,V3X2_H1N2v Example 3,2018-093
Sera1,,B10,10240,943,,,,,P1V3 x2,Plate 10,8/21/2026 16:20,V3X2_H1N2v Example 3,2018-093
Sera1,,C10,10240,1006,,,,,P1V3 x2,Plate 10,8/21/2026 16:20,V3X2_H1N2v Example 3,2018-093
Sera1,,D10,10240,970,,,,,P1V3 x2,Plate 10,8/21/2026 16:20,V3X2_H1N2v Example 3,2018-093
Sera2,,E1,20,52,4,57,7,12.473,P1V3 x2,Plate 10,8/21/2026 16:20,V3X2_H1N2v Example 3,2018-094
Sera2,,F1,20,53,,,,,P1V3 x2,Plate 10,8/21/2026 16:20,V3X2_H1N2v Example 3,2018-094
Sera2,,G1,20,54,,,,,P1V3 x2,Plate 10,8/21/2026 16:20,V3X2_H1N2v Example 3,2018-094
Sera2,,H1,20,67,,,,,P1V3 x2,Plate 10,8/21/2026 16:20,V3X2_H1N2v Example 3,2018-094
Sera2,,E2,40,116,4,117,17,14.387,P1V3 x2,Plate 10,8/21/2026 16:20,V3X2_H1N2v Example 3,2018-094
Sera2,,F2,40,115,,,,,P1V3 x2,Plate 10,8/21/2026 16:20,V3X2_H1N2v Example 3,2018-094
Sera2,,G2,40,98,,,,,P1V3 x2,Plate 10,8/21/2026 16:20,V3X2_H1N2v Example 3,2018-094
Sera2,,H2,40,139,,,,,P1V3 x2,Plate 10,8/21/2026 16:20,V3X2_H1N2v Example 3,2018-094
Sera2,,E3,80,282,4,293,14,4.834,P1V3 x2,Plate 10,8/21/2026 16:20,V3X2_H1N2v Example 3,2018-094
Sera2,,F3,80,284,,,,,P1V3 x2,Plate 10,8/21/2026 16:20,V3X2_H1N2v Example 3,2018-094
Sera2,,G3,80,294,,,,,P1V3 x2,Plate 10,8/21/2026 16:20,V3X2_H1N2v Example 3,2018-094
Sera2,,H3,80,313,,,,,P1V3 x2,Plate 10,8/21/2026 16:20,V3X2_H1N2v Example 3,2018-094
Sera2,,E4,160,548,4,563,28,4.906,P1V3 x2,Plate 10,8/21/2026 16:20,V3X2_H1N2v Example 3,2018-094
Sera2,,F4,160,532,,,,,P1V3 x2,Plate 10,8/21/2026 16:20,V3X2_H1N2v Example 3,2018-094
Sera2,,G4,160,587,,,,,P1V3 x2,Plate 10,8/21/2026 16:20,V3X2_H1N2v Example 3,2018-094
Sera2,,H4,160,586,,,,,P1V3 x2,Plate 10,8/21/2026 16:20,V3X2_H1N2v Example 3,2018-094
Sera2,,E5,320,838,4,827,23,2.773,P1V3 x2,Plate 10,8/21/2026 16:20,V3X2_H1N2v Example 3,2018-094
Sera2,,F5,320,820,,,,,P1V3 x2,Plate 10,8/21/2026 16:20,V3X2_H1N2v Example 3,2018-094
Sera2,,G5,320,799,,,,,P1V3 x2,Plate 10,8/21/2026 16:20,V3X2_H1N2v Example 3,2018-094
Sera2,,H5,320,852,,,,,P1V3 x2,Plate 10,8/21/2026 16:20,V3X2_H1N2v Example 3,2018-094
Sera2,,E6,640,852,4,927,61,6.615,P1V3 x2,Plate 10,8/21/2026 16:20,V3X2_H1N2v Example 3,2018-094
Sera2,,F6,640,923,,,,,P1V3 x2,Plate 10,8/21/2026 16:20,V3X2_H1N2v Example 3,2018-094
Sera2,,G6,640,931,,,,,P1V3 x2,Plate 10,8/21/2026 16:20,V3X2_H1N2v Example 3,2018-094
Sera2,,H6,640,1002,,,,,P1V3 x2,Plate 10,8/21/2026 16:20,V3X2_H1N2v Example 3,2018-094
Sera2,,E7,1280,911,4,951,42,4.398,P1V3 x2,Plate 10,8/21/2026 16:20,V3X2_H1N2v Example 3,2018-094
Sera2,,F7,1280,956,,,,,P1V3 x2,Plate 10,8/21/2026 16:20,V3X2_H1N2v Example 3,2018-094
Sera2,,G7,1280,929,,,,,P1V3 x2,Plate 10,8/21/2026 16:20,V3X2_H1N2v Example 3,2018-094
Sera2,,H7,1280,1007,,,,,P1V3 x2,Plate 10,8/21/2026 16:20,V3X2_H1N2v Example 3,2018-094
Sera2,,E8,2560,909,4,938,55,5.883,P1V3 x2,Plate 10,8/21/2026 16:20,V3X2_H1N2v Example 3,2018-094
Sera2,,F8,2560,910,,,,,P1V3 x2,Plate 10,8/21/2026 16:20,V3X2_H1N2v Example 3,2018-094
Sera2,,G8,2560,913,,,,,P1V3 x2,Plate 10,8/21/2026 16:20,V3X2_H1N2v Example 3,2018-094
Sera2,,H8,2560,1021,,,,,P1V3 x2,Plate 10,8/21/2026 16:20,V3X2_H1N2v Example 3,2018-094
Sera2,,E9,5120,828,4,917,65,7.034,P1V3 x2,Plate 10,8/21/2026 16:20,V3X2_H1N2v Example 3,2018-094
Sera2,,F9,5120,967,,,,,P1V3 x2,Plate 10,8/21/2026 16:20,V3X2_H1N2v Example 3,2018-094
Sera2,,G9,5120,911,,,,,P1V3 x2,Plate 10,8/21/2026 16:20,V3X2_H1N2v Example 3,2018-094
Sera2,,H9,5120,962,,,,,P1V3 x2,Plate 10,8/21/2026 16:20,V3X2_H1N2v Example 3,2018-094
Sera2,,E10,10240,987,4,978,42,4.281,P1V3 x2,Plate 10,8/21/2026 16:20,V3X2_H1N2v Example 3,2018-094
Sera2,,F10,10240,965,,,,,P1V3 x2,Plate 10,8/21/2026 16:20,V3X2_H1N2v Example 3,2018-094
Sera2,,G10,10240,1030,,,,,P1V3 x2,Plate 10,8/21/2026 16:20,V3X2_H1N2v Example 3,2018-094
Sera2,,H10,10240,930,,,,,P1V3 x2,Plate 10,8/21/2026 16:20,V3X2_H1N2v Example 3,2018-094
CC,Cell Control,A12,NA,6,8,2,2,109.064,P2V3 x2,Plate 11,8/21/2026 16:30,V3X2_H1N2v Example 3,Cell Control
CC,Cell Control,B12,NA,2,,,,,P2V3 x2,Plate 11,8/21/2026 16:30,V3X2_H1N2v Example 3,Cell Control
CC,Cell Control,C12,NA,1,,,,,P2V3 x2,Plate 11,8/21/2026 16:30,V3X2_H1N2v Example 3,Cell Control
CC,Cell Control,D12,NA,2,,,,,P2V3 x2,Plate 11,8/21/2026 16:30,V3X2_H1N2v Example 3,Cell Control
CC,Cell Control,E12,NA,0,,,,,P2V3 x2,Plate 11,8/21/2026 16:30,V3X2_H1N2v Example 3,Cell Control
CC,Cell Control,F12,NA,1,,,,,P2V3 x2,Plate 11,8/21/2026 16:30,V3X2_H1N2v Example 3,Cell Control
CC,Cell Control,G12,NA,0,,,,,P2V3 x2,Plate 11,8/21/2026 16:30,V3X2_H1N2v Example 3,Cell Control
CC,Cell Control,H12,NA,2,,,,,P2V3 x2,Plate 11,8/21/2026 16:30,V3X2_H1N2v Example 3,Cell Control
VC,Virus Control,A11,0,827,8,641,88,13.745,P2V3 x2,Plate 11,8/21/2026 16:30,V3X2_H1N2v Example 3,Virus Control
VC,Virus Control,B11,0,692,,,,,P2V3 x2,Plate 11,8/21/2026 16:30,V3X2_H1N2v Example 3,Virus Control
VC,Virus Control,C11,0,635,,,,,P2V3 x2,Plate 11,8/21/2026 16:30,V3X2_H1N2v Example 3,Virus Control
VC,Virus Control,D11,0,567,,,,,P2V3 x2,Plate 11,8/21/2026 16:30,V3X2_H1N2v Example 3,Virus Control
VC,Virus Control,E11,0,543,,,,,P2V3 x2,Plate 11,8/21/2026 16:30,V3X2_H1N2v Example 3,Virus Control
VC,Virus Control,F11,0,598,,,,,P2V3 x2,Plate 11,8/21/2026 16:30,V3X2_H1N2v Example 3,Virus Control
VC,Virus Control,G11,0,635,,,,,P2V3 x2,Plate 11,8/21/2026 16:30,V3X2_H1N2v Example 3,Virus Control
VC,Virus Control,H11,0,630,,,,,P2V3 x2,Plate 11,8/21/2026 16:30,V3X2_H1N2v Example 3,Virus Control
Sera1,,A1,20,33,4,21,12,57.511,P2V3 x2,Plate 11,8/21/2026 16:30,V3X2_H1N2v Example 3,CDC-23-A
Sera1,,B1,20,28,,,,,P2V3 x2,Plate 11,8/21/2026 16:30,V3X2_H1N2v Example 3,CDC-23-A
Sera1,,C1,20,12,,,,,P2V3 x2,Plate 11,8/21/2026 16:30,V3X2_H1N2v Example 3,CDC-23-A
Sera1,,D1,20,9,,,,,P2V3 x2,Plate 11,8/21/2026 16:30,V3X2_H1N2v Example 3,CDC-23-A
Sera1,,A2,40,59,4,51,10,20.502,P2V3 x2,Plate 11,8/21/2026 16:30,V3X2_H1N2v Example 3,CDC-23-A
Sera1,,B2,40,59,,,,,P2V3 x2,Plate 11,8/21/2026 16:30,V3X2_H1N2v Example 3,CDC-23-A
Sera1,,C2,40,37,,,,,P2V3 x2,Plate 11,8/21/2026 16:30,V3X2_H1N2v Example 3,CDC-23-A
Sera1,,D2,40,49,,,,,P2V3 x2,Plate 11,8/21/2026 16:30,V3X2_H1N2v Example 3,CDC-23-A
Sera1,,A3,80,156,4,122,24,19.535,P2V3 x2,Plate 11,8/21/2026 16:30,V3X2_H1N2v Example 3,CDC-23-A
Sera1,,B3,80,120,,,,,P2V3 x2,Plate 11,8/21/2026 16:30,V3X2_H1N2v Example 3,CDC-23-A
Sera1,,C3,80,110,,,,,P2V3 x2,Plate 11,8/21/2026 16:30,V3X2_H1N2v Example 3,CDC-23-A
Sera1,,D3,80,102,,,,,P2V3 x2,Plate 11,8/21/2026 16:30,V3X2_H1N2v Example 3,CDC-23-A
Sera1,,A4,160,241,4,204,27,13.375,P2V3 x2,Plate 11,8/21/2026 16:30,V3X2_H1N2v Example 3,CDC-23-A
Sera1,,B4,160,209,,,,,P2V3 x2,Plate 11,8/21/2026 16:30,V3X2_H1N2v Example 3,CDC-23-A
Sera1,,C4,160,182,,,,,P2V3 x2,Plate 11,8/21/2026 16:30,V3X2_H1N2v Example 3,CDC-23-A
Sera1,,D4,160,185,,,,,P2V3 x2,Plate 11,8/21/2026 16:30,V3X2_H1N2v Example 3,CDC-23-A
Sera1,,A5,320,435,4,360,68,18.917,P2V3 x2,Plate 11,8/21/2026 16:30,V3X2_H1N2v Example 3,CDC-23-A
Sera1,,B5,320,399,,,,,P2V3 x2,Plate 11,8/21/2026 16:30,V3X2_H1N2v Example 3,CDC-23-A
Sera1,,C5,320,301,,,,,P2V3 x2,Plate 11,8/21/2026 16:30,V3X2_H1N2v Example 3,CDC-23-A
Sera1,,D5,320,303,,,,,P2V3 x2,Plate 11,8/21/2026 16:30,V3X2_H1N2v Example 3,CDC-23-A
Sera1,,A6,640,619,4,516,93,18.012,P2V3 x2,Plate 11,8/21/2026 16:30,V3X2_H1N2v Example 3,CDC-23-A
Sera1,,B6,640,562,,,,,P2V3 x2,Plate 11,8/21/2026 16:30,V3X2_H1N2v Example 3,CDC-23-A
Sera1,,C6,640,470,,,,,P2V3 x2,Plate 11,8/21/2026 16:30,V3X2_H1N2v Example 3,CDC-23-A
Sera1,,D6,640,411,,,,,P2V3 x2,Plate 11,8/21/2026 16:30,V3X2_H1N2v Example 3,CDC-23-A
Sera1,,A7,1280,801,4,628,123,19.544,P2V3 x2,Plate 11,8/21/2026 16:30,V3X2_H1N2v Example 3,CDC-23-A
Sera1,,B7,1280,602,,,,,P2V3 x2,Plate 11,8/21/2026 16:30,V3X2_H1N2v Example 3,CDC-23-A
Sera1,,C7,1280,598,,,,,P2V3 x2,Plate 11,8/21/2026 16:30,V3X2_H1N2v Example 3,CDC-23-A
Sera1,,D7,1280,511,,,,,P2V3 x2,Plate 11,8/21/2026 16:30,V3X2_H1N2v Example 3,CDC-23-A
Sera1,,A8,2560,793,4,666,101,15.172,P2V3 x2,Plate 11,8/21/2026 16:30,V3X2_H1N2v Example 3,CDC-23-A
Sera1,,B8,2560,700,,,,,P2V3 x2,Plate 11,8/21/2026 16:30,V3X2_H1N2v Example 3,CDC-23-A
Sera1,,C8,2560,575,,,,,P2V3 x2,Plate 11,8/21/2026 16:30,V3X2_H1N2v Example 3,CDC-23-A
Sera1,,D8,2560,595,,,,,P2V3 x2,Plate 11,8/21/2026 16:30,V3X2_H1N2v Example 3,CDC-23-A
Sera1,,A9,5120,848,4,679,120,17.643,P2V3 x2,Plate 11,8/21/2026 16:30,V3X2_H1N2v Example 3,CDC-23-A
Sera1,,B9,5120,675,,,,,P2V3 x2,Plate 11,8/21/2026 16:30,V3X2_H1N2v Example 3,CDC-23-A
Sera1,,C9,5120,620,,,,,P2V3 x2,Plate 11,8/21/2026 16:30,V3X2_H1N2v Example 3,CDC-23-A
Sera1,,D9,5120,574,,,,,P2V3 x2,Plate 11,8/21/2026 16:30,V3X2_H1N2v Example 3,CDC-23-A
Sera1,,A10,10240,891,4,684,139,20.385,P2V3 x2,Plate 11,8/21/2026 16:30,V3X2_H1N2v Example 3,CDC-23-A
Sera1,,B10,10240,631,,,,,P2V3 x2,Plate 11,8/21/2026 16:30,V3X2_H1N2v Example 3,CDC-23-A
Sera1,,C10,10240,624,,,,,P2V3 x2,Plate 11,8/21/2026 16:30,V3X2_H1N2v Example 3,CDC-23-A
Sera1,,D10,10240,589,,,,,P2V3 x2,Plate 11,8/21/2026 16:30,V3X2_H1N2v Example 3,CDC-23-A
Sera2,,E1,20,44,4,42,4,9.123,P2V3 x2,Plate 11,8/21/2026 16:30,V3X2_H1N2v Example 3,CDC-23-B
Sera2,,F1,20,42,,,,,P2V3 x2,Plate 11,8/21/2026 16:30,V3X2_H1N2v Example 3,CDC-23-B
Sera2,,G1,20,44,,,,,P2V3 x2,Plate 11,8/21/2026 16:30,V3X2_H1N2v Example 3,CDC-23-B
Sera2,,H1,20,36,,,,,P2V3 x2,Plate 11,8/21/2026 16:30,V3X2_H1N2v Example 3,CDC-23-B
Sera2,,E2,40,123,4,127,9,6.967,P2V3 x2,Plate 11,8/21/2026 16:30,V3X2_H1N2v Example 3,CDC-23-B
Sera2,,F2,40,116,,,,,P2V3 x2,Plate 11,8/21/2026 16:30,V3X2_H1N2v Example 3,CDC-23-B
Sera2,,G2,40,136,,,,,P2V3 x2,Plate 11,8/21/2026 16:30,V3X2_H1N2v Example 3,CDC-23-B
Sera2,,H2,40,131,,,,,P2V3 x2,Plate 11,8/21/2026 16:30,V3X2_H1N2v Example 3,CDC-23-B
Sera2,,E3,80,227,4,242,18,7.549,P2V3 x2,Plate 11,8/21/2026 16:30,V3X2_H1N2v Example 3,CDC-23-B
Sera2,,F3,80,233,,,,,P2V3 x2,Plate 11,8/21/2026 16:30,V3X2_H1N2v Example 3,CDC-23-B
Sera2,,G3,80,238,,,,,P2V3 x2,Plate 11,8/21/2026 16:30,V3X2_H1N2v Example 3,CDC-23-B
Sera2,,H3,80,268,,,,,P2V3 x2,Plate 11,8/21/2026 16:30,V3X2_H1N2v Example 3,CDC-23-B
Sera2,,E4,160,332,4,375,44,11.82,P2V3 x2,Plate 11,8/21/2026 16:30,V3X2_H1N2v Example 3,CDC-23-B
Sera2,,F4,160,345,,,,,P2V3 x2,Plate 11,8/21/2026 16:30,V3X2_H1N2v Example 3,CDC-23-B
Sera2,,G4,160,427,,,,,P2V3 x2,Plate 11,8/21/2026 16:30,V3X2_H1N2v Example 3,CDC-23-B
Sera2,,H4,160,396,,,,,P2V3 x2,Plate 11,8/21/2026 16:30,V3X2_H1N2v Example 3,CDC-23-B
Sera2,,E5,320,432,4,499,58,11.679,P2V3 x2,Plate 11,8/21/2026 16:30,V3X2_H1N2v Example 3,CDC-23-B
Sera2,,F5,320,490,,,,,P2V3 x2,Plate 11,8/21/2026 16:30,V3X2_H1N2v Example 3,CDC-23-B
Sera2,,G5,320,501,,,,,P2V3 x2,Plate 11,8/21/2026 16:30,V3X2_H1N2v Example 3,CDC-23-B
Sera2,,H5,320,574,,,,,P2V3 x2,Plate 11,8/21/2026 16:30,V3X2_H1N2v Example 3,CDC-23-B
Sera2,,E6,640,532,4,576,35,6.118,P2V3 x2,Plate 11,8/21/2026 16:30,V3X2_H1N2v Example 3,CDC-23-B
Sera2,,F6,640,569,,,,,P2V3 x2,Plate 11,8/21/2026 16:30,V3X2_H1N2v Example 3,CDC-23-B
Sera2,,G6,640,588,,,,,P2V3 x2,Plate 11,8/21/2026 16:30,V3X2_H1N2v Example 3,CDC-23-B
Sera2,,H6,640,616,,,,,P2V3 x2,Plate 11,8/21/2026 16:30,V3X2_H1N2v Example 3,CDC-23-B
Sera2,,E7,1280,503,4,626,92,14.658,P2V3 x2,Plate 11,8/21/2026 16:30,V3X2_H1N2v Example 3,CDC-23-B
Sera2,,F7,1280,619,,,,,P2V3 x2,Plate 11,8/21/2026 16:30,V3X2_H1N2v Example 3,CDC-23-B
Sera2,,G7,1280,661,,,,,P2V3 x2,Plate 11,8/21/2026 16:30,V3X2_H1N2v Example 3,CDC-23-B
Sera2,,H7,1280,720,,,,,P2V3 x2,Plate 11,8/21/2026 16:30,V3X2_H1N2v Example 3,CDC-23-B
Sera2,,E8,2560,508,4,609,106,17.439,P2V3 x2,Plate 11,8/21/2026 16:30,V3X2_H1N2v Example 3,CDC-23-B
Sera2,,F8,2560,556,,,,,P2V3 x2,Plate 11,8/21/2026 16:30,V3X2_H1N2v Example 3,CDC-23-B
Sera2,,G8,2560,620,,,,,P2V3 x2,Plate 11,8/21/2026 16:30,V3X2_H1N2v Example 3,CDC-23-B
Sera2,,H8,2560,753,,,,,P2V3 x2,Plate 11,8/21/2026 16:30,V3X2_H1N2v Example 3,CDC-23-B
Sera2,,E9,5120,538,4,617,60,9.767,P2V3 x2,Plate 11,8/21/2026 16:30,V3X2_H1N2v Example 3,CDC-23-B
Sera2,,F9,5120,615,,,,,P2V3 x2,Plate 11,8/21/2026 16:30,V3X2_H1N2v Example 3,CDC-23-B
Sera2,,G9,5120,629,,,,,P2V3 x2,Plate 11,8/21/2026 16:30,V3X2_H1N2v Example 3,CDC-23-B
Sera2,,H9,5120,684,,,,,P2V3 x2,Plate 11,8/21/2026 16:30,V3X2_H1N2v Example 3,CDC-23-B
Sera2,,E10,10240,602,4,638,35,5.524,P2V3 x2,Plate 11,8/21/2026 16:30,V3X2_H1N2v Example 3,CDC-23-B
Sera2,,F10,10240,617,,,,,P2V3 x2,Plate 11,8/21/2026 16:30,V3X2_H1N2v Example 3,CDC-23-B
Sera2,,G10,10240,653,,,,,P2V3 x2,Plate 11,8/21/2026 16:30,V3X2_H1N2v Example 3,CDC-23-B
Sera2,,H10,10240,680,,,,,P2V3 x2,Plate 11,8/21/2026 16:30,V3X2_H1N2v Example 3,CDC-23-B
CC,Cell Control,A12,NA,7,8,3,2,54.72,P3V3 x2,Plate 12,8/21/2026 16:32,V3X2_H1N2v Example 3,Cell Control
CC,Cell Control,B12,NA,3,,,,,P3V3 x2,Plate 12,8/21/2026 16:32,V3X2_H1N2v Example 3,Cell Control
CC,Cell Control,C12,NA,4,,,,,P3V3 x2,Plate 12,8/21/2026 16:32,V3X2_H1N2v Example 3,Cell Control
CC,Cell Control,D12,NA,4,,,,,P3V3 x2,Plate 12,8/21/2026 16:32,V3X2_H1N2v Example 3,Cell Control
CC,Cell Control,E12,NA,2,,,,,P3V3 x2,Plate 12,8/21/2026 16:32,V3X2_H1N2v Example 3,Cell Control
CC,Cell Control,F12,NA,1,,,,,P3V3 x2,Plate 12,8/21/2026 16:32,V3X2_H1N2v Example 3,Cell Control
CC,Cell Control,G12,NA,2,,,,,P3V3 x2,Plate 12,8/21/2026 16:32,V3X2_H1N2v Example 3,Cell Control
CC,Cell Control,H12,NA,4,,,,,P3V3 x2,Plate 12,8/21/2026 16:32,V3X2_H1N2v Example 3,Cell Control
VC,Virus Control,A11,0,850,8,654,114,17.437,P3V3 x2,Plate 12,8/21/2026 16:32,V3X2_H1N2v Example 3,Virus Control
VC,Virus Control,B11,0,742,,,,,P3V3 x2,Plate 12,8/21/2026 16:32,V3X2_H1N2v Example 3,Virus Control
VC,Virus Control,C11,0,698,,,,,P3V3 x2,Plate 12,8/21/2026 16:32,V3X2_H1N2v Example 3,Virus Control
VC,Virus Control,D11,0,694,,,,,P3V3 x2,Plate 12,8/21/2026 16:32,V3X2_H1N2v Example 3,Virus Control
VC,Virus Control,E11,0,544,,,,,P3V3 x2,Plate 12,8/21/2026 16:32,V3X2_H1N2v Example 3,Virus Control
VC,Virus Control,F11,0,577,,,,,P3V3 x2,Plate 12,8/21/2026 16:32,V3X2_H1N2v Example 3,Virus Control
VC,Virus Control,G11,0,506,,,,,P3V3 x2,Plate 12,8/21/2026 16:32,V3X2_H1N2v Example 3,Virus Control
VC,Virus Control,H11,0,618,,,,,P3V3 x2,Plate 12,8/21/2026 16:32,V3X2_H1N2v Example 3,Virus Control
Sera1,,A1,20,126,4,127,12,9.735,P3V3 x2,Plate 12,8/21/2026 16:32,V3X2_H1N2v Example 3,2025-085
Sera1,,B1,20,125,,,,,P3V3 x2,Plate 12,8/21/2026 16:32,V3X2_H1N2v Example 3,2025-085
Sera1,,C1,20,113,,,,,P3V3 x2,Plate 12,8/21/2026 16:32,V3X2_H1N2v Example 3,2025-085
Sera1,,D1,20,143,,,,,P3V3 x2,Plate 12,8/21/2026 16:32,V3X2_H1N2v Example 3,2025-085
Sera1,,A2,40,340,4,317,16,5.065,P3V3 x2,Plate 12,8/21/2026 16:32,V3X2_H1N2v Example 3,2025-085
Sera1,,B2,40,312,,,,,P3V3 x2,Plate 12,8/21/2026 16:32,V3X2_H1N2v Example 3,2025-085
Sera1,,C2,40,310,,,,,P3V3 x2,Plate 12,8/21/2026 16:32,V3X2_H1N2v Example 3,2025-085
Sera1,,D2,40,304,,,,,P3V3 x2,Plate 12,8/21/2026 16:32,V3X2_H1N2v Example 3,2025-085
Sera1,,A3,80,587,4,501,69,13.753,P3V3 x2,Plate 12,8/21/2026 16:32,V3X2_H1N2v Example 3,2025-085
Sera1,,B3,80,526,,,,,P3V3 x2,Plate 12,8/21/2026 16:32,V3X2_H1N2v Example 3,2025-085
Sera1,,C3,80,451,,,,,P3V3 x2,Plate 12,8/21/2026 16:32,V3X2_H1N2v Example 3,2025-085
Sera1,,D3,80,440,,,,,P3V3 x2,Plate 12,8/21/2026 16:32,V3X2_H1N2v Example 3,2025-085
Sera1,,A4,160,687,4,601,66,10.998,P3V3 x2,Plate 12,8/21/2026 16:32,V3X2_H1N2v Example 3,2025-085
Sera1,,B4,160,599,,,,,P3V3 x2,Plate 12,8/21/2026 16:32,V3X2_H1N2v Example 3,2025-085
Sera1,,C4,160,592,,,,,P3V3 x2,Plate 12,8/21/2026 16:32,V3X2_H1N2v Example 3,2025-085
Sera1,,D4,160,526,,,,,P3V3 x2,Plate 12,8/21/2026 16:32,V3X2_H1N2v Example 3,2025-085
Sera1,,A5,320,765,4,669,98,14.678,P3V3 x2,Plate 12,8/21/2026 16:32,V3X2_H1N2v Example 3,2025-085
Sera1,,B5,320,723,,,,,P3V3 x2,Plate 12,8/21/2026 16:32,V3X2_H1N2v Example 3,2025-085
Sera1,,C5,320,644,,,,,P3V3 x2,Plate 12,8/21/2026 16:32,V3X2_H1N2v Example 3,2025-085
Sera1,,D5,320,542,,,,,P3V3 x2,Plate 12,8/21/2026 16:32,V3X2_H1N2v Example 3,2025-085
Sera1,,A6,640,808,4,662,121,18.342,P3V3 x2,Plate 12,8/21/2026 16:32,V3X2_H1N2v Example 3,2025-085
Sera1,,B6,640,714,,,,,P3V3 x2,Plate 12,8/21/2026 16:32,V3X2_H1N2v Example 3,2025-085
Sera1,,C6,640,584,,,,,P3V3 x2,Plate 12,8/21/2026 16:32,V3X2_H1N2v Example 3,2025-085
Sera1,,D6,640,543,,,,,P3V3 x2,Plate 12,8/21/2026 16:32,V3X2_H1N2v Example 3,2025-085
Sera1,,A7,1280,738,4,670,62,9.181,P3V3 x2,Plate 12,8/21/2026 16:32,V3X2_H1N2v Example 3,2025-085
Sera1,,B7,1280,704,,,,,P3V3 x2,Plate 12,8/21/2026 16:32,V3X2_H1N2v Example 3,2025-085
Sera1,,C7,1280,635,,,,,P3V3 x2,Plate 12,8/21/2026 16:32,V3X2_H1N2v Example 3,2025-085
Sera1,,D7,1280,604,,,,,P3V3 x2,Plate 12,8/21/2026 16:32,V3X2_H1N2v Example 3,2025-085
Sera1,,A8,2560,740,4,619,122,19.718,P3V3 x2,Plate 12,8/21/2026 16:32,V3X2_H1N2v Example 3,2025-085
Sera1,,B8,2560,682,,,,,P3V3 x2,Plate 12,8/21/2026 16:32,V3X2_H1N2v Example 3,2025-085
Sera1,,C8,2560,592,,,,,P3V3 x2,Plate 12,8/21/2026 16:32,V3X2_H1N2v Example 3,2025-085
Sera1,,D8,2560,460,,,,,P3V3 x2,Plate 12,8/21/2026 16:32,V3X2_H1N2v Example 3,2025-085
Sera1,,A9,5120,822,4,689,112,16.338,P3V3 x2,Plate 12,8/21/2026 16:32,V3X2_H1N2v Example 3,2025-085
Sera1,,B9,5120,734,,,,,P3V3 x2,Plate 12,8/21/2026 16:32,V3X2_H1N2v Example 3,2025-085
Sera1,,C9,5120,631,,,,,P3V3 x2,Plate 12,8/21/2026 16:32,V3X2_H1N2v Example 3,2025-085
Sera1,,D9,5120,567,,,,,P3V3 x2,Plate 12,8/21/2026 16:32,V3X2_H1N2v Example 3,2025-085
Sera1,,A10,10240,780,4,689,64,9.229,P3V3 x2,Plate 12,8/21/2026 16:32,V3X2_H1N2v Example 3,2025-085
Sera1,,B10,10240,682,,,,,P3V3 x2,Plate 12,8/21/2026 16:32,V3X2_H1N2v Example 3,2025-085
Sera1,,C10,10240,661,,,,,P3V3 x2,Plate 12,8/21/2026 16:32,V3X2_H1N2v Example 3,2025-085
Sera1,,D10,10240,634,,,,,P3V3 x2,Plate 12,8/21/2026 16:32,V3X2_H1N2v Example 3,2025-085
Sera2,,E1,20,51,4,55,6,11.01,P3V3 x2,Plate 12,8/21/2026 16:32,V3X2_H1N2v Example 3,2025-086
Sera2,,F1,20,62,,,,,P3V3 x2,Plate 12,8/21/2026 16:32,V3X2_H1N2v Example 3,2025-086
Sera2,,G1,20,49,,,,,P3V3 x2,Plate 12,8/21/2026 16:32,V3X2_H1N2v Example 3,2025-086
Sera2,,H1,20,58,,,,,P3V3 x2,Plate 12,8/21/2026 16:32,V3X2_H1N2v Example 3,2025-086
Sera2,,E2,40,136,4,154,13,8.282,P3V3 x2,Plate 12,8/21/2026 16:32,V3X2_H1N2v Example 3,2025-086
Sera2,,F2,40,154,,,,,P3V3 x2,Plate 12,8/21/2026 16:32,V3X2_H1N2v Example 3,2025-086
Sera2,,G2,40,162,,,,,P3V3 x2,Plate 12,8/21/2026 16:32,V3X2_H1N2v Example 3,2025-086
Sera2,,H2,40,164,,,,,P3V3 x2,Plate 12,8/21/2026 16:32,V3X2_H1N2v Example 3,2025-086
Sera2,,E3,80,285,4,301,35,11.51,P3V3 x2,Plate 12,8/21/2026 16:32,V3X2_H1N2v Example 3,2025-086
Sera2,,F3,80,259,,,,,P3V3 x2,Plate 12,8/21/2026 16:32,V3X2_H1N2v Example 3,2025-086
Sera2,,G3,80,328,,,,,P3V3 x2,Plate 12,8/21/2026 16:32,V3X2_H1N2v Example 3,2025-086
Sera2,,H3,80,330,,,,,P3V3 x2,Plate 12,8/21/2026 16:32,V3X2_H1N2v Example 3,2025-086
Sera2,,E4,160,425,4,416,19,4.454,P3V3 x2,Plate 12,8/21/2026 16:32,V3X2_H1N2v Example 3,2025-086
Sera2,,F4,160,394,,,,,P3V3 x2,Plate 12,8/21/2026 16:32,V3X2_H1N2v Example 3,2025-086
Sera2,,G4,160,436,,,,,P3V3 x2,Plate 12,8/21/2026 16:32,V3X2_H1N2v Example 3,2025-086
Sera2,,H4,160,408,,,,,P3V3 x2,Plate 12,8/21/2026 16:32,V3X2_H1N2v Example 3,2025-086
Sera2,,E5,320,461,4,515,56,10.798,P3V3 x2,Plate 12,8/21/2026 16:32,V3X2_H1N2v Example 3,2025-086
Sera2,,F5,320,475,,,,,P3V3 x2,Plate 12,8/21/2026 16:32,V3X2_H1N2v Example 3,2025-086
Sera2,,G5,320,545,,,,,P3V3 x2,Plate 12,8/21/2026 16:32,V3X2_H1N2v Example 3,2025-086
Sera2,,H5,320,577,,,,,P3V3 x2,Plate 12,8/21/2026 16:32,V3X2_H1N2v Example 3,2025-086
Sera2,,E6,640,504,4,518,36,6.888,P3V3 x2,Plate 12,8/21/2026 16:32,V3X2_H1N2v Example 3,2025-086
Sera2,,F6,640,483,,,,,P3V3 x2,Plate 12,8/21/2026 16:32,V3X2_H1N2v Example 3,2025-086
Sera2,,G6,640,567,,,,,P3V3 x2,Plate 12,8/21/2026 16:32,V3X2_H1N2v Example 3,2025-086
Sera2,,H6,640,519,,,,,P3V3 x2,Plate 12,8/21/2026 16:32,V3X2_H1N2v Example 3,2025-086
Sera2,,E7,1280,517,4,525,28,5.245,P3V3 x2,Plate 12,8/21/2026 16:32,V3X2_H1N2v Example 3,2025-086
Sera2,,F7,1280,492,,,,,P3V3 x2,Plate 12,8/21/2026 16:32,V3X2_H1N2v Example 3,2025-086
Sera2,,G7,1280,535,,,,,P3V3 x2,Plate 12,8/21/2026 16:32,V3X2_H1N2v Example 3,2025-086
Sera2,,H7,1280,557,,,,,P3V3 x2,Plate 12,8/21/2026 16:32,V3X2_H1N2v Example 3,2025-086
Sera2,,E8,2560,434,4,487,81,16.723,P3V3 x2,Plate 12,8/21/2026 16:32,V3X2_H1N2v Example 3,2025-086
Sera2,,F8,2560,429,,,,,P3V3 x2,Plate 12,8/21/2026 16:32,V3X2_H1N2v Example 3,2025-086
Sera2,,G8,2560,481,,,,,P3V3 x2,Plate 12,8/21/2026 16:32,V3X2_H1N2v Example 3,2025-086
Sera2,,H8,2560,604,,,,,P3V3 x2,Plate 12,8/21/2026 16:32,V3X2_H1N2v Example 3,2025-086
Sera2,,E9,5120,535,4,543,70,12.862,P3V3 x2,Plate 12,8/21/2026 16:32,V3X2_H1N2v Example 3,2025-086
Sera2,,F9,5120,474,,,,,P3V3 x2,Plate 12,8/21/2026 16:32,V3X2_H1N2v Example 3,2025-086
Sera2,,G9,5120,523,,,,,P3V3 x2,Plate 12,8/21/2026 16:32,V3X2_H1N2v Example 3,2025-086
Sera2,,H9,5120,640,,,,,P3V3 x2,Plate 12,8/21/2026 16:32,V3X2_H1N2v Example 3,2025-086
Sera2,,E10,10240,467,4,509,42,8.281,P3V3 x2,Plate 12,8/21/2026 16:32,V3X2_H1N2v Example 3,2025-086
Sera2,,F10,10240,482,,,,,P3V3 x2,Plate 12,8/21/2026 16:32,V3X2_H1N2v Example 3,2025-086
Sera2,,G10,10240,530,,,,,P3V3 x2,Plate 12,8/21/2026 16:32,V3X2_H1N2v Example 3,2025-086
Sera2,,H10,10240,558,,,,,P3V3 x2,Plate 12,8/21/2026 16:32,V3X2_H1N2v Example 3,2025-086
